Brand,Model,Nb plies,Weight (g),Thick. (mm),Ply 1,Ply 2,Ply 3,Ply 4,Ply 5,Ply 6,Ply 7,Ply 8,Ply 9
Adidas,Avenger 5,5,86,5.9,Walnut,Fir,Ayous,Fir,Walnut,,,,
Adidas,Avenger 7,7,92,0.0,Walnut,Ayous,Fir,Ayous,Fir,Ayous,Walnut,,
Adidas,Avenger Carbon,7,90,5.6,Walnut,Fir,Carbon Fleece,Ayous,Carbon Fleece,Fir,Walnut,,
Adidas,C100,5,80,0.0,Koto,Ayous,Ayous,Ayous,Koto,,,,
Adidas,C300,5,80,0.0,Limba,Ayous,Kiri,Ayous,Limba,,,,
Adidas,C500,7,80,0.0,Limba,Ayous,Carbon,Kiri,Carbon,Ayous,Limba,,
Adidas,Challenge Force,5,86,6.0,Limba,Limba,Ayous,Limba,Limba,,,,
Adidas,Challenge Light,5,80,5.6,Ayous,Ayous,Ayous,Ayous,Ayous,,,,
Adidas,Challenge Speed,7,88,0.0,Limba,Ayous,Ayous,Ayous,Ayous,Ayous,Limba,,
Adidas,FiberTec Classic,7,83,0.0,Black Locust,Carbon Kevlar™,Ayous,Kiri,Ayous,Carbon Kevlar™,Black Locust,,
Adidas,FiberTec Extreme,7,88,0.0,Hinoki,Ayous,Carbon,Kiri,Carbon,Ayous,Hinoki,,
Adidas,FiberTec Power,7,88,5.1,Limba,Carbon Kevlar™,Ayous,Kiri,Ayous,Carbon Kevlar™,Limba,,
Adidas,HyperTouch,7,88,5.8,Koto,RX Carbon,Fir,Kiri,Fir,RX Carbon,Koto,,
Adidas,Radix Ultimate,5,89,6.9,Hinoki,RX Carbon,Kiri,RX Carbon,Hinoki,,,,
Adidas,Strike Wood 7,7,85,0.0,Limba,Ayous,Ayous,Ayous,Ayous,Ayous,Limba,,
Adidas,Synchro Plus,5,70,0.0,Ayous,Ayous,Ayous,Ayous,Ayous,,,,
Adidas,Synchro Unity,5,66,0.0,Ayous,Ayous,Ayous,Ayous,Ayous,,,,
Adidas,V1.1,5,80,5.0,Mahogany,Koto,Kiri,Koto,Mahogany,,,,
Adidas,V1.3,5,80,0.0,Hinoki,Awan,Kiri,Awan,Hinoki,,,,
Adidas,V1.5,5,80,0.0,Mahogany,Awan,Kiri,Awan,Mahogany,,,,
Alsér,Allround 5,5,86,5.9,Limba,Walnut,Ayous,Walnut,Limba,,,,
Andro,Blax ALL+,5,73,0.0,Fineline,Koto,Balsa + Ayous,Koto,Fineline,,,,
Andro,Blax OFF,5,78,0.0,Fineline,Koto,Balsa + Ayous,Koto,Fineline,,,,
Andro,Core 7 OFF,7,85,0.0,Limba,Ayous,Ayous,Ayous,Ayous,Ayous,Limba,,
Andro,Core 7 OFF+,7,88,6.8,Limba,Ayous,Ayous,Ayous,Ayous,Ayous,Limba,,
Andro,CS7 Pro,7,90,0.0,Ayous,Ayous,Ayous,Ayous,Ayous,Ayous,Ayous,,
Andro,CS7 Tour,7,90,0.0,Limba,Ayous,Ayous,Ayous,Ayous,Ayous,Limba,,
Andro,CS7 Velocity,7,90,0.0,Hinoki,Ayous,Ayous,Ayous,Ayous,Ayous,Hinoki,,
Andro,Gauzy SL,7,91,6.1,Ebony,Limba,Ayous,Red Samba (Ayous),Ayous,Limba,Ebony,,
Andro,Kinetic ALL+,6,80,0.0,Limba,Limba,Ayous,Ayous,Limba,Limba,,,
Andro,Kinetic CF Light ALL+,7,83,0.0,Ayous,Ayous,Carbon,Ayous,Carbon,Ayous,Ayous,,
Andro,Kinetic CF Light OFF+,5,85,0.0,Fineline,Carbon,Kiri,Carbon,Fineline,,,,
Andro,Kinetic Christian Süss Hinoki ALL+,5,75,0.0,Hinoki,Ayous,Ayous,Ayous,Hinoki,,,,
Andro,Kinetic Christian Süss Hinoki OFF,5,85,0.0,Hinoki,Ayous,Ayous,Ayous,Hinoki,,,,
Andro,Kinetic Supreme OFF-,7,85,0.0,Hinoki,ZLC,Ayous,Kiri,Ayous,ZLC,Hinoki,,
Andro,Ligna ALL+,5,85,0.0,Limba,Ayous,Kiri,Ayous,Limba,,,,
Andro,Ligna FR OFF,7,85,0.0,Spruce,Carbon,Spruce,Kiri,Spruce,Carbon,Spruce,,
Andro,Ligna OFF,7,85,6.4,Spruce,Ayous,Carbon,Kiri,Carbon,Ayous,Spruce,,
Andro,Ligna OFF+,5,85,6.8,Spruce,Ayous,Kiri,Ayous,Spruce,,,,
Andro,Ligna Tour OFF+,5,85,0.0,Spruce,Ayous,Kiri,Ayous,Spruce,,,,
Andro,Novacell OFF,5,85,5.7,Limba,Limba,Ayous,Limba,Limba,,,,
Andro,Novacell OFF/S,5,80,5.8,Limba,Limba,Kiri,Limba,Limba,,,,
Andro,Timber 5 OFF,5,85,6.3,Limba,Ayous,Kiri,Ayous,Limba,,,,
Andro,TP Ligna CI OFF,7,85,6.3,Spruce,Ayous,Carbon,Kiri,Carbon,Ayous,Spruce,,
Andro,Treiber CI OFF,7,90,6.1,Limba,Ayous,Carbon Kevlar™,Kiri,Carbon Kevlar™,Ayous,Limba,,
Andro,Treiber CO OFF/S,7,90,6.1,Limba,Carbon Kevlar™,Ayous,Kiri,Ayous,Carbon Kevlar™,Limba,,
Andro,Treiber FO OFF/S,7,90,6.9,Hinoki,Blue Texalium™,Ayous,Kiri,Ayous,Blue Texalium™,Hinoki,,
Andro,Treiber K,7,90,0.0,Koto,Carbon Kevlar™,Ayous,Kiri,Ayous,Carbon Kevlar™,Koto,,
Andro,Treiber Z,7,88,0.0,Hinoki,ZLF,Koto,Ayous,Koto,ZLF,Hinoki,,
Animus,Diana 5,5,92,6.5,Cedar,Ayous,Ayous,Ayous,Cedar,,,,
Animus,Diana Rosewood,5,87,6.4,Rosewood,Cypress,Kiri,Cypress,Rosewood,,,,
Animus,Iupiter 5,5,74,6.7,Koto,Carbon,Balsa,Carbon,Koto,,,,
Animus,Mars 7,7,90,7.7,Cypress,Carbon,Balsa,Balsa,Balsa,Carbon,Cypress,,
Animus,Victoria,5,86,6.3,Rosewood,Cypress,Cypress,Kiri,Cypress,,,,
Animus,Victoria 2,5,85,6.1,Cypress,Rosewood,Cypress,Ayous,Cypress,,,,
Animus,Victoria Carbon,5,0,0.0,Cypress,Carbon,Cypress,Ayous,Cypress,,,,
Animus,Victoria Fiber,5,0,0.0,Cypress,Kevlar™,Cypress,Ayous,Cypress,,,,
Animus,Virtus 5,5,75,6.3,Cypress,Aramid,Balsa,Aramid,Cypress,,,,
Animus,Vulcanus 5,5,94,5.5,Mahogany,Carbon,Red Cedar,Carbon,Mahogany,,,,
Arbalest,Thor 5.0,5,60,5.0,Limba,Carbon,Balsa,Carbon,Limba,,,,
Arbalest,Thor 6.0,5,65,6.0,Limba,Carbon,Balsa,Carbon,Limba,,,,
Arbalest,Thor 7.0,5,70,7.0,Limba,Carbon,Balsa,Carbon,Limba,,,,
Armstrong,Korudo,5,70,6.6,Hinoki,Hinoki,Hinoki,Hinoki,Hinoki,,,,
Armstrong,Tactic,5,0,0.0,Walnut,Limba,Ayous,Limba,Walnut,,,,
Artengo,951 S Carbon,5,90,5.1,Ayous,Carbon,Tung,Carbon,Ayous,,,,
ARTTE,Cristallo,9,98,6.3,Walnut,Glass fibre,Limba,Ayous,Ayous,Ayous,Limba,Glass fibre,Walnut
ARTTE,Delirio,7,75,6.2,Mahogany,Limba,Carbon,Ayous,Balsa,Ayous,Limba,,
ARTTE,Fionda,7,90,5.7,Koto,Limba,Carbon Kevlar™,Ayous,Carbon Kevlar™,Limba,Koto,,
ARTTE,Intrigo,8,95,8.8,Mahogany,Ayous,Carbon,Limba,Ayous,Balsa,Ayous,Limba,
ARTTE,Italia ALL,5,78,5.4,Resonance Spruce,Larch,Stone Pine,Larch,Resonance Spruce,,,,
ARTTE,Italia DEF,3,73,5.7,Resonance Spruce,Stone Pine,Resonance Spruce,,,,,,
ARTTE,Mantra,9,95,6.5,Walnut,Ayous,Carbon,Norway spruce,Balsa,Norway spruce,Carbon,Ayous,Walnut
ARTTE,Nuvola,5,85,5.4,White Ash,White Ash,Basswood,White Ash,White Ash,,,,
ARTTE,Radice,5,80,5.7,Koto,Ayous,Ayous,Ayous,Koto,,,,
ARTTE,Sogno,5,85,5.7,Koto,Ayous,Ayous,Ayous,Koto,,,,
ARTTE,Vita,7,90,6.9,Limba,Ayous,Ayous,Ayous,Ayous,Ayous,Limba,,
Avalox,Blue Thunder 550,5,0,5.2,Limba,Ayous,Ayous,Ayous,Limba,,,,
Avalox,Blue Thunder 555,5,85,5.4,Limba,Spruce,Ayous,Spruce,Limba,,,,
Avalox,Blue Thunder 777,7,90,0.0,Limba,Ayous,Ayous,Ayous,Ayous,Ayous,Limba,,
Avalox,Hado,9,85,0.0,Hinoki,Hinoki,Hinoki,Hinoki,Hinoki,Hinoki,Hinoki,Hinoki,Hinoki
Avalox,P500,5,85,0.0,Koto,Spruce,Ayous,Spruce,Koto,,,,
Avalox,P700,7,85,0.0,Limba,Meranti,Ayous,Ayous,Ayous,Meranti,Limba,,
Avalox,Speed 90,1,90,9.5,Hinoki,,,,,,,,
Banco,Balsa Speed,5,70,0.0,Koto,Koto,Balsa,Koto,Koto,,,,
Banco,Carbo Power,5,75,7.5,Ayous,Carbon,Balsa,Carbon,Ayous,,,,
Banco,Magic Extreme,7,85,0.0,Koto,Carbon Kevlar™,Ayous,Kiri,Ayous,Carbon Kevlar™,Koto,,
Banco,Magic Light,5,65,0.0,Ayous,Ayous,Balsa,Ayous,Ayous,,,,
Banda,Dacota,5,80,6.0,Ayous,Blue Ayous,Ayous,Blue Ayous,Ayous,,,,
Banda,Pegasus,5,80,5.6,Limba,Spruce,Ayous,Spruce,Limba,,,,
Banda,Waldner Offensive,5,0,0.0,Limba,Spruce,Ayous,Spruce,Limba,,,,
Butterfly,Adolescen,5,90,0.0,Limba,Limba,Ayous,Limba,Limba,,,,
Butterfly,Agnes Simon,5,78,5.6,Anigre,Anigre,Ayous,Anigre,Anigre,,,,
Butterfly,Ai Fukuhara Pro ZLF,7,90,5.8,Limba,Limba,ZLF,Ayous,ZLF,Limba,Limba,,
Butterfly,Alan Cooke,5,80,0.0,Anigre,Anigre,Ayous,Anigre,Anigre,,,,
Butterfly,Alex Ehrlich,5,0,0.0,Basswood,Basswood,Basswood,Basswood,Basswood,,,,
Butterfly,All Hinoki 5,5,0,6.6,Hinoki,Hinoki,Hinoki,Hinoki,Hinoki,,,,
Butterfly,All Hinoki 7,7,0,7.0,Hinoki,Hinoki,Hinoki,Hinoki,Hinoki,Hinoki,Hinoki,,
Butterfly,Allure,5,85,0.0,Willow,T5000,Willow,T5000,Willow,,,,
Butterfly,Allways,5,0,0.0,Anigre,Anigre,Ayous,Anigre,Anigre,,,,
Butterfly,American Style,5,0,0.0,Basswood,Basswood,Basswood,Basswood,Basswood,,,,
Butterfly,Amultart,5,86,7.1,Hinoki,ZLC,Kiri,ZLC,Hinoki,,,,
Butterfly,Anatomic,5,0,0.0,Hinoki,Hinoki,Hinoki,Hinoki,Hinoki,,,,
Butterfly,Andrzej Grubba ALL+,5,85,5.1,Anigre,Anigre,Ayous,Anigre,Anigre,,,,
Butterfly,Apolonia ZLC,7,90,5.7,Limba,Limba,ZLC,Ayous,ZLC,Limba,Limba,,
Butterfly,Ayazo A. Umemura,5,85,0.0,Limba,Limba,Ayous,Limba,Limba,,,,
Butterfly,BalsaCarbo X3,5,80,6.2,Limba,Carbon,Balsa,Carbon,Limba,,,,
Butterfly,BalsaCarbo X5,5,83,7.0,Basswood,Carbon,Balsa,Carbon,Basswood,,,,
Butterfly,Bastian Steger,5,85,6.3,Limba,Limba,Ayous,Limba,Limba,,,,
Butterfly,Bazelart,7,0,0.0,Limba,Arylate,Limba,Ayous,Limba,Arylate,Limba,,
Butterfly,Berczik,5,80,0.0,Basswood,Basswood,Basswood,Basswood,Basswood,,,,
Butterfly,Biside,7,0,0.0,Limba,Arylate,Limba,Ayous,Limba,Arylate,Limba,,
Butterfly,Boll Forte,5,90,6.0,Limba,Limba,Ayous,Limba,Limba,,,,
Butterfly,Börzsey,5,0,0.0,Hinoki,Hinoki,Hinoki,Hinoki,Hinoki,,,,
Butterfly,Chuan Chih-Yuan Limited 2013,7,0,0.0,Koto,ALC,Limba,Kiri,Limba,ALC,Koto,,
Butterfly,Chuang Chih-Yuan 15th Limited Edition (2019),7,0,6.3,Spruce,ALC,Ayous,Ayous,Ayous,ALC,Spruce,,
Butterfly,Clarty,5,75,6.2,Koto,Limba,Kiri,Limba,Koto,,,,
Butterfly,Clearfield,7,95,6.9,Koto,Koto,Ayous,Ayous,Ayous,Koto,Koto,,
Butterfly,Cofferlait,5,91,6.5,Hinoki,ALC,Kiri,ALC,Hinoki,,,,
Butterfly,Combi,5,0,0.0,Anigre,Anigre,Ayous,Anigre,Anigre,,,,
Butterfly,Compara,5,0,0.0,Limba,Limba,Ayous,Limba,Limba,,,,
Butterfly,Cresail,5,98,0.0,Planchonello,Anigre,Ayous,Anigre,Planchonello,,,,
Butterfly,Cryptate,5,92,6.1,Planchonello,Koto,Kiri,Koto,Planchonello,,,,
Butterfly,Csilla Bátorfi Dohjo,5,0,0.0,Walnut,Limba,Ayous,Limba,Walnut,,,,
Butterfly,Cutlass,5,89,4.9,Anigre,Anigre,Ayous,Anigre,Anigre,,,,
Butterfly,Defence Pro,5,0,0.0,Anigre,Anigre,Ayous,Anigre,Anigre,,,,
Butterfly,Defence X,5,87,0.0,Willow,Willow,Willow,Willow,Willow,,,,
Butterfly,Desmond Douglas,5,0,0.0,Basswood,Basswood,Basswood,Basswood,Basswood,,,,
Butterfly,Diode,5,100,5.3,Planchonello,Koto,Ayous,Koto,Planchonello,,,,
Butterfly,Diode V,5,97,5.7,Planchonello,Koto,Ayous,Koto,Planchonello,,,,
Butterfly,Dr. Simon,5,76,5.3,Anigre,Anigre,Ayous,Anigre,Anigre,,,,
Butterfly,Dvoracek,5,0,0.0,Anigre,Anigre,Ayous,Anigre,Anigre,,,,
Butterfly,Elegance,5,0,0.0,Anigre,Anigre,Ayous,Anigre,Anigre,,,,
Butterfly,English Style,5,0,0.0,Basswood,Basswood,Basswood,Basswood,Basswood,,,,
Butterfly,Ethel,5,0,0.0,Limba,T5000,Balsa,T5000,Limba,,,,
Butterfly,Exalter,5,93,0.0,Koto,Koto,Ayous,Koto,Koto,,,,
Butterfly,Falcima,5,87,6.0,Koto,Ayous,Kiri,Ayous,Koto,,,,
Butterfly,Fan Zhendong ALC,7,87,5.8,Koto,ALC,Limba,Kiri,Limba,ALC,Koto,,
Butterfly,Fan Zhendong CNF,7,89,5.7,Koto,CNF,Limba,Kiri,Limba,CNF,Koto,,
Butterfly,Fan Zhendong Super ALC,7,89,5.7,Koto,SALC,Limba,Kiri,Limba,SALC,Koto,,
Butterfly,Fan Zhendong Super ZLC,7,90,5.6,Koto,SZLC,Limba,Kiri,Limba,SZLC,Koto,,
Butterfly,Fan Zhendong ZLC,7,86,5.5,Koto,ZLC,Limba,Kiri,Limba,ZLC,Koto,,
Butterfly,FineWood OFF-,5,85,5.1,Wenge,Carbon,Balsa,Carbon,Wenge,,,,
Butterfly,Firehand,5,89,7.0,Anigre,Anigre,Ayous,Anigre,Anigre,,,,
Butterfly,Firehand Style,5,0,0.0,Hinoki,Hinoki,Hinoki,Hinoki,Hinoki,,,,
Butterfly,Franziska Innerforce ZLC,7,88,5.7,Limba,Limba,ZLC,Ayous,ZLC,Limba,Limba,,
Butterfly,Freitas ALC,7,90,6.0,Limba,ALC,Limba,Ayous,Limba,ALC,Limba,,
Butterfly,Fukuhara Ai Special,7,80,6.0,Hinoki,Hinoki,T5000,Kiri,T5000,Hinoki,Hinoki,,
Butterfly,Fukuhara Dreamblade,5,85,0.0,Limba,Limba,Ayous,Limba,Limba,,,,
Butterfly,Garaydia ALC,5,85,6.9,Hinoki,ALC,Kiri,ALC,Hinoki,,,,
Butterfly,Garaydia T5000,5,90,7.2,Hinoki,T5000,Kiri,T5000,Hinoki,,,,
Butterfly,Garaydia ZLC,5,89,7.1,Hinoki,ZLC,Balsa,ZLC,Hinoki,,,,
Butterfly,Gergely (1st version),5,0,0.0,Basswood,Basswood,Basswood,Basswood,Basswood,,,,
Butterfly,Gergely 21,5,90,6.9,Hinoki,Carbon,Kiri,Carbon,Hinoki,,,,
Butterfly,Gergely Alpha,5,86,7.1,Hinoki,T5000,Kiri,T5000,Hinoki,,,,
Butterfly,Gergely Carbon New Tag,5,0,0.0,Hinoki,T5000,Kiri,T5000,Hinoki,,,,
Butterfly,Gergely Carbon Old Tag,5,93,7.0,Hinoki,Carbon,Balsa,Carbon,Hinoki,,,,
Butterfly,Gergely Pro,5,0,0.0,Limba,Limba,Ayous,Limba,Limba,,,,
Butterfly,Gergely T5000,5,93,7.0,Hinoki,T5000,Balsa,T5000,Hinoki,,,,
Butterfly,Grandis,5,0,0.0,Anigre,Anigre,Ayous,Anigre,Anigre,,,,
Butterfly,Grubba Carbon,5,90,5.0,Anigre,Carbon,Ayous,Carbon,Anigre,,,,
Butterfly,Grubba Pro,5,85,0.0,Anigre,Anigre,Ayous,Anigre,Anigre,,,,
Butterfly,Grubba Softfeel,5,0,0.0,Anigre,Anigre,Ayous,Anigre,Anigre,,,,
Butterfly,Grubba Variant,5,0,0.0,Limba,Anigre,Ayous,Anigre,Limba,,,,
Butterfly,Guo Yue,5,82,5.5,Limba,Spruce,Ayous,Spruce,Limba,,,,
Butterfly,Guo Yue Special,5,0,0.0,Limba,Spruce,Ayous,Spruce,Limba,,,,
Butterfly,H.S. Cryzer,5,85,0.0,Hinoki,Hinoki,Hinoki,Hinoki,Hinoki,,,,
Butterfly,Hadraw 5,5,87,5.9,Koto,Spruce,Ayous,Spruce,Koto,,,,
Butterfly,Harimoto Tomokazu Innerforce ALC,7,88,6.0,Limba,Limba,ALC,Ayous,ALC,Limba,Limba,,
Butterfly,Harimoto Tomokazu Innerforce Super ZLC,7,91,6.2,Limba,Limba,SZLC,Ayous,SZLC,Limba,Limba,,
Butterfly,Harimoto Tomokazu Innerforce ZLC,7,89,5.7,Limba,Limba,ZLC,Ayous,ZLC,Limba,Limba,,
Butterfly,Hermoso,5,90,5.5,Limba,Limba,Ayous,Limba,Limba,,,,
Butterfly,Hinoki Shake 5,5,81,6.8,Hinoki,Hinoki,Hinoki,Hinoki,Hinoki,,,,
Butterfly,Hinoki Shake Speedy,5,90,5.7,Hinoki,Walnut,Ayous,Walnut,Hinoki,,,,
Butterfly,Hinoki Shake Swift,5,85,0.0,Hinoki,Hinoki,Ayous,Hinoki,Hinoki,,,,
Butterfly,Holycrown,7,0,5.6,Limba,ULC,Limba,Kiri,Limba,ULC,Limba,,
Butterfly,Hüging Defence,5,0,0.0,Willow,Willow,Willow,Willow,Willow,,,,
Butterfly,Innerforce AL,7,90,5.7,Limba,Limba,Arylate,Ayous,Arylate,Limba,Limba,,
Butterfly,Innerforce ALC,7,90,5.9,Limba,Limba,ALC,Ayous,ALC,Limba,Limba,,
Butterfly,Innerforce Layer AL,7,90,5.9,Limba,Limba,Arylate,Ayous,Arylate,Limba,Limba,,
Butterfly,Innerforce Layer ALC,7,90,6.0,Limba,Limba,ALC,Ayous,ALC,Limba,Limba,,
Butterfly,Innerforce Layer ALC.S,7,88,5.5,Limba,Spruce,ALC,Ayous,ALC,Spruce,Limba,,
Butterfly,Innerforce Layer ZLC,7,85,5.7,Limba,Limba,ZLC,Ayous,ZLC,Limba,Limba,,
Butterfly,Innerforce Layer ZLF,7,86,5.3,Limba,Limba,ZLF,Ayous,ZLF,Limba,Limba,,
Butterfly,Innerforce T5000,7,90,5.7,Limba,Limba,T5000,Ayous,T5000,Limba,Limba,,
Butterfly,Innerforce ULC,7,86,5.6,Limba,Limba,ULC,Ayous,ULC,Limba,Limba,,
Butterfly,Innerforce ZLC,7,85,5.7,Limba,Limba,ZLC,Ayous,ZLC,Limba,Limba,,
Butterfly,Innerforce ZLF,7,86,5.3,Limba,Limba,ZLF,Ayous,ZLF,Limba,Limba,,
Butterfly,Innershield Layer ZLF,7,86,5.1,Limba,Limba,ZLF,Ayous,ZLF,Limba,Limba,,
Butterfly,Innershield ZLF,7,82,5.1,Limba,Limba,ZLF,Ayous,ZLF,Limba,Limba,,
Butterfly,Iolite,5,80,0.0,Hinoki,ALC,Kiri,ALC,Hinoki,,,,
Butterfly,Iolite Neo,5,80,7.2,Hinoki,ALC,Kiri,ALC,Hinoki,,,,
Butterfly,Ishlion,5,78,6.5,Hinoki,ULC,Kiri,ULC,Hinoki,,,,
Butterfly,Jonyer Hinoki Special,5,80,6.1,Hinoki,Hinoki,Hinoki,Hinoki,Hinoki,,,,
Butterfly,Jonyer S,5,0,0.0,Basswood,Hinoki,Hinoki,Hinoki,Basswood,,,,
Butterfly,Jonyer-H,5,75,0.0,Hinoki,Hinoki,Hinoki,Hinoki,Hinoki,,,,
Butterfly,Jonyer-ST,5,0,0.0,Basswood,Basswood,Basswood,Basswood,Basswood,,,,
Butterfly,Joo Se Hyuk,5,97,5.9,Planchonello,Koto,Ayous,Koto,Planchonello,,,,
Butterfly,Jun Mizutani,7,0,0.0,Limba,ZLC,Limba,Kiri,Limba,ZLC,Limba,,
Butterfly,Kazan,5,90,8.0,Hinoki,Walnut,Balsa,Walnut,Hinoki,,,,
Butterfly,Keen OFF,5,0,0.0,Koto,Spruce,Ayous,Spruce,Koto,,,,
Butterfly,Kenny Pro,5,90,5.2,Basswood,Basswood,Basswood,Basswood,Basswood,,,,
Butterfly,Kenny Style,5,0,0.0,Basswood,Basswood,Basswood,Basswood,Basswood,,,,
Butterfly,Kenta ALC,7,88,5.8,Koto,ALC,Limba,Kiri,Limba,ALC,Koto,,
Butterfly,Kenta Special Model,7,0,0.0,Koto,ALC,Limba,Kiri,Limba,ALC,Koto,,
Butterfly,Keyshot,7,90,0.0,Limba,Arylate,Limba,Kiri,Limba,Arylate,Limba,,
Butterfly,Keyshot Alpha,5,0,6.5,Hinoki,Arylate,Kiri,Arylate,Hinoki,,,,
Butterfly,Keyshot Light,5,81,6.9,Ayous,Arylate,Kiri,Arylate,Ayous,,,,
Butterfly,Kim Taek Soo,1,94,10.3,Hinoki,,,,,,,,
Butterfly,Kiso Hinoki V,5,80,6.5,Hinoki,Hinoki,Hinoki,Hinoki,Hinoki,,,,
Butterfly,Kiso Hinoki VII,7,85,7.0,Hinoki,Hinoki,Hinoki,Hinoki,Hinoki,Hinoki,Hinoki,,
Butterfly,Klampar,5,88,5.5,Hinoki,T5000,Ayous,T5000,Hinoki,,,,
Butterfly,Klampar S,5,0,0.0,Basswood,Hinoki,Hinoki,Hinoki,Basswood,,,,
Butterfly,Klampar-H,5,0,0.0,Hinoki,Hinoki,Hinoki,Hinoki,Hinoki,,,,
Butterfly,Klampar-ST,5,0,0.0,Basswood,Basswood,Basswood,Basswood,Basswood,,,,
Butterfly,Kong Linghui,5,90,5.5,Koto,Spruce,Ayous,Spruce,Koto,,,,
Butterfly,Kong Linghui Premium,5,0,0.0,Cypress,ALC,Kiri,ALC,Cypress,,,,
Butterfly,Kong Linghui Special,5,84,6.5,Cypress,ALC,Kiri,ALC,Cypress,,,,
Butterfly,Korbel MagicHand,5,90,6.5,Koto,Limba,Ayous,Limba,Koto,,,,
Butterfly,Korbel Sk7,7,90,6.7,Limba,Ayous,Ayous,Ayous,Ayous,Ayous,Limba,,
Butterfly,Korbel Speed,5,89,5.6,Koto,Limba,Ayous,Limba,Koto,,,,
Butterfly,Korpa,5,0,0.0,Basswood,Basswood,Basswood,Basswood,Basswood,,,,
Butterfly,Kreanga Aeros,7,0,0.0,Limba,Limba,Glass fibre,Ayous,Glass fibre,Limba,Limba,,
Butterfly,Kreanga Carbon,5,87,0.0,Hinoki,ULC,Kiri,ULC,Hinoki,,,,
Butterfly,Kreanga OFF,5,0,0.0,Koto,Spruce,Ayous,Spruce,Koto,,,,
Butterfly,Kreanga Powerspin,7,90,6.5,Walnut,Ayous,Walnut,Ayous,Walnut,Ayous,Walnut,,
Butterfly,Kucharski,5,0,0.0,Anigre,Anigre,Ayous,Anigre,Anigre,,,,
Butterfly,Kumpuru,5,86,5.7,Ayous,T5000,Ayous,T5000,Ayous,,,,
Butterfly,L. Blaszczyk ALL,5,0,0.0,Anigre,Anigre,Ayous,Anigre,Anigre,,,,
Butterfly,L. Blaszczyk OFF,5,0,0.0,Koto,Spruce,Ayous,Spruce,Koto,,,,
Butterfly,Legout OFF,5,0,0.0,Koto,Spruce,Ayous,Spruce,Koto,,,,
Butterfly,Legout Performance,5,0,0.0,Limba,Limba,Ayous,Limba,Limba,,,,
Butterfly,Lin Gaoyuan ALC,7,87,5.7,Koto,ALC,Limba,Kiri,Limba,ALC,Koto,,
Butterfly,Lin Yun-Ju Super ZLC,7,87,5.6,Koto,SZLC,Limba,Kiri,Limba,SZLC,Koto,,
Butterfly,Lindmae Special,7,90,0.0,Limba,Carbon,Ayous,Balsa,Ayous,Carbon,Limba,,
Butterfly,Liu Shiwen,7,85,5.6,Limba,Limba,ZLF,Ayous,ZLF,Limba,Limba,,
Butterfly,M. Maze,7,89,5.9,Limba,ALC,Limba,Ayous,Limba,ALC,Limba,,
Butterfly,Madash,5,84,0.0,Planchonello,Walnut,Balsa,Walnut,Planchonello,,,,
Butterfly,Matsushita Pro Alpha,5,90,0.0,Willow,Arylate,Ayous,Arylate,Willow,,,,
Butterfly,Matsushita Pro Model,5,82,0.0,Anigre,Anigre,Ayous,Anigre,Anigre,,,,
Butterfly,Matsushita Pro Special,5,95,0.0,Willow,ALC,Ayous,ALC,Willow,,,,
Butterfly,Maze Advance,5,82,6.7,Limba,Ayous,Kiri,Ayous,Limba,,,,
Butterfly,Maze Debut,5,0,0.0,Limba,Koto,Ayous,Koto,Limba,,,,
Butterfly,Maze Passion,7,90,5.7,Limba,Glass fibre,Spruce,Ayous,Spruce,Glass fibre,Limba,,
Butterfly,Mazunov,5,107,6.8,Planchonello,Anigre,Ayous,Anigre,Planchonello,,,,
Butterfly,Millerga,5,85,6.8,Bamboo,Spruce,Kiri,Spruce,Bamboo,,,,
Butterfly,Mizutani Jun Super ZLC,7,90,5.8,Limba,SZLC,Limba,Kiri,Limba,SZLC,Limba,,
Butterfly,Mizutani Jun ZLC,7,85,5.7,Limba,ZLC,Limba,Kiri,Limba,ZLC,Limba,,
Butterfly,Moonbeam,7,93,7.2,Limba,Arylate,Ayous,Kiri,Ayous,Arylate,Limba,,
Butterfly,New Leather,5,0,0.0,Anigre,Anigre,Ayous,Anigre,Anigre,,,,
Butterfly,Oberon,5,0,0.0,Hinoki,T5000,Ayous,T5000,Hinoki,,,,
Butterfly,Oh Sang Eun,5,90,0.0,Koto,Koto,Ayous,Koto,Koto,,,,
Butterfly,Orlowski,5,0,0.0,Basswood,Basswood,Basswood,Basswood,Basswood,,,,
Butterfly,Otilia Badescu,5,0,0.0,Koto,Limba,Ayous,Limba,Koto,,,,
Butterfly,Ovtcharov Innerforce ALC,7,91,6.2,Limba,Limba,ALC,Ayous,ALC,Limba,Limba,,
Butterfly,Panic,5,0,0.0,Basswood,Basswood,Ayous,Basswood,Basswood,,,,
Butterfly,Panic (1st version),5,0,0.0,Hinoki,Hinoki,Hinoki,Hinoki,Hinoki,,,,
Butterfly,Paulownia,5,0,0.0,Hinoki,Meranti,Kiri,Meranti,Hinoki,,,,
Butterfly,Petr Korbel,5,89,6.1,Limba,Limba,Ayous,Limba,Limba,,,,
Butterfly,Phalanx,5,0,0.0,Anigre,Anigre,Ayous,Anigre,Anigre,,,,
Butterfly,Phalanx II,5,85,6.3,Koto,Koto,Ayous,Koto,Koto,,,,
Butterfly,Photino,5,85,7.0,Hinoki,ZLF,Kiri,ZLF,Hinoki,,,,
Butterfly,Photino Light,5,73,6.2,Hinoki,ZLF,Kiri,ZLF,Hinoki,,,,
Butterfly,PL Star,5,90,0.0,Hinoki,Koto,Kiri,Koto,Hinoki,,,,
Butterfly,Power 3,3,0,0.0,Hinoki,Ayous,Hinoki,,,,,,
Butterfly,Power 7,7,95,0.0,Koto,Ayous,Ayous,Ayous,Ayous,Ayous,Koto,,
Butterfly,Power 9,9,0,0.0,Limba,Rosewood,Ayous,Ayous,Ayous,Ayous,Ayous,Rosewood,Limba
Butterfly,Power Drive,5,88,6.0,Hinoki,Rosewood,Ayous,Rosewood,Hinoki,,,,
Butterfly,Power Smash,5,0,0.0,Hinoki,Rosewood,Ayous,Rosewood,Hinoki,,,,
Butterfly,Primo Powerfeeling,7,0,0.0,Limba,Ayous,Limba,Ayous,Limba,Ayous,Limba,,
Butterfly,Primorac,5,84,5.5,Limba,Limba,Ayous,Limba,Limba,,,,
Butterfly,Primorac Carbon,5,89,7.0,Hinoki,T5000,Kiri,T5000,Hinoki,,,,
Butterfly,Primorac EX,5,85,5.7,Limba,Limba,Ayous,Limba,Limba,,,,
Butterfly,Pulser,5,0,0.0,Cypress,Arylate,Kiri,Arylate,Cypress,,,,
Butterfly,Pulser (1st version),5,0,0.0,Hinoki,Hinoki,Hinoki,Hinoki,Hinoki,,,,
Butterfly,Quetzal,5,92,5.7,Hinoki,T5000,Ayous,T5000,Hinoki,,,,
Butterfly,Ranunculus,5,0,0.0,Limba,Limba,Ayous,Limba,Limba,,,,
Butterfly,Retriever,5,0,0.0,Willow,Arylate,Ayous,Arylate,Willow,,,,
Butterfly,Reygundo,5,0,0.0,Hinoki,ALC,Kiri,ALC,Hinoki,,,,
Butterfly,Sardius,5,92,7.2,Hinoki,T5000,Kiri,T5000,Hinoki,,,,
Butterfly,Schlager Carbon,5,93,7.4,Cypress,T5000,Kiri,T5000,Cypress,,,,
Butterfly,Schlager OFF,5,0,0.0,Koto,Spruce,Ayous,Spruce,Koto,,,,
Butterfly,Schlager Precision,5,80,6.5,Koto,Spruce,Ayous,Spruce,Koto,,,,
Butterfly,Scorna (1st version),5,100,6.2,Hinoki,T5000,Ayous,T5000,Hinoki,,,,
Butterfly,Secretin,5,0,0.0,Basswood,Basswood,Basswood,Basswood,Basswood,,,,
Butterfly,Seemiller,5,0,0.0,Anigre,Anigre,Ayous,Anigre,Anigre,,,,
Butterfly,Seemiller Autograph/Competition/Professional,5,0,0.0,Basswood,Basswood,Basswood,Basswood,Basswood,,,,
Butterfly,Senkoh 85,1,90,8.5,Hinoki,,,,,,,,
Butterfly,Senkoh 90,1,90,9.0,Hinoki,,,,,,,,
Butterfly,Senkoh Max,1,95,10.0,Hinoki,,,,,,,,
Butterfly,Setaru,5,0,0.0,Limba,Limba,Ayous,Limba,Limba,,,,
Butterfly,Shamada,5,89,7.5,Basswood,Walnut,Balsa,Walnut,Basswood,,,,
Butterfly,SK Carbon,5,79,5.2,Koto,T5000,Kiri,T5000,Koto,,,,
Butterfly,SK7 Classic,7,90,6.8,Limba,Ayous,Ayous,Ayous,Ayous,Ayous,Limba,,
Butterfly,Sol Schiff,5,0,0.0,Anigre,Anigre,Ayous,Anigre,Anigre,,,,
Butterfly,Special S,5,0,0.0,Hinoki,T5000,Kiri,T5000,Hinoki,,,,
Butterfly,Spinshot,5,0,0.0,Koto,Ayous,Ayous,Ayous,Koto,,,,
Butterfly,Stipancic S,5,0,0.0,Basswood,Hinoki,Hinoki,Hinoki,Basswood,,,,
Butterfly,Stipancic-H,5,0,0.0,Hinoki,Hinoki,Hinoki,Hinoki,Hinoki,,,,
Butterfly,Stipancic-ST,5,0,0.0,Basswood,Basswood,Basswood,Basswood,Basswood,,,,
Butterfly,Strave,5,74,6.7,Ayous,T5000,Ayous,T5000,Ayous,,,,
Butterfly,Struse OFF,5,0,0.0,Koto,Spruce,Ayous,Spruce,Koto,,,,
Butterfly,Supreme Speed,5,80,6.9,Hinoki,ALC,Kiri,ALC,Hinoki,,,,
Butterfly,Surbek,5,0,0.0,Basswood,Basswood,Basswood,Basswood,Basswood,,,,
Butterfly,Surbek-H,5,0,0.0,Hinoki,Hinoki,Hinoki,Hinoki,Hinoki,,,,
Butterfly,Swedish Style,5,0,0.0,Basswood,Basswood,Basswood,Basswood,Basswood,,,,
Butterfly,Tamaropa,1,90,9.0,Hinoki,,,,,,,,
Butterfly,Tamasu Style,5,0,0.0,Basswood,Basswood,Basswood,Basswood,Basswood,,,,
Butterfly,Tamropa,5,0,0.0,Limba,Spruce,Ayous,Spruce,Limba,,,,
Butterfly,Tarles,5,90,0.0,Hinoki,Hinoki,Ayous,Hinoki,Hinoki,,,,
Butterfly,Tempest,5,0,0.0,Basswood,Basswood,Basswood,Basswood,Basswood,,,,
Butterfly,Tie Yana,5,92,0.0,Limba,Limba,Ayous,Limba,Limba,,,,
Butterfly,Tiffara,5,0,0.0,Koto,Walnut,Kiri,Walnut,Koto,,,,
Butterfly,Timo Boll 30th Anniversary Edition,7,85,5.8,Koto,ALC,Limba,Kiri,Limba,ALC,Koto,,
Butterfly,Timo Boll ALC,7,84,5.7,Koto,ALC,Limba,Kiri,Limba,ALC,Koto,,
Butterfly,Timo Boll CAF,5,92,5.7,Koto,CAF,Kiri,CAF,Koto,,,,
Butterfly,Timo Boll Forte,5,85,6.9,Limba,Limba,Ayous,Limba,Limba,,,,
Butterfly,Timo Boll Spark,7,90,5.4,Limba,Arylate,Limba,Ayous,Limba,Arylate,Limba,,
Butterfly,Timo Boll Spirit,7,89,5.7,Koto,ALC,Limba,Kiri,Limba,ALC,Koto,,
Butterfly,Timo Boll T5000,7,89,5.5,Koto,T5000,Limba,Kiri,Limba,T5000,Koto,,
Butterfly,Timo Boll TJ,5,70,5.2,Koto,T5000,Kiri,T5000,Koto,,,,
Butterfly,Timo Boll W5,5,90,5.8,Koto,Limba,Ayous,Limba,Koto,,,,
Butterfly,Timo Boll W7,7,94,6.7,Koto,Ayous,Ayous,Ayous,Ayous,Ayous,Koto,,
Butterfly,Timo Boll ZLC,7,85,5.5,Koto,ZLC,Limba,Kiri,Limba,ZLC,Koto,,
Butterfly,Timo Boll ZLF,7,83,5.4,Koto,ZLF,Limba,Kiri,Limba,ZLF,Koto,,
Butterfly,Viscaria,7,90,5.9,Limba,Arylate Carbon,Limba,Koto,Limba,Arylate Carbon,Limba,,
Butterfly,Viscaria Light,5,82,6.5,Ayous,ALC,Kiri,ALC,Ayous,,,,
Butterfly,Viscaria Super ALC,7,89,5.7,Koto,SALC,Limba,Kiri,Limba,SALC,Koto,,
Butterfly,Vriesekoop,5,0,0.0,Limba,Limba,Ayous,Limba,Limba,,,,
Butterfly,Xstar,5,91,0.0,Basswood,Basswood,Basswood,Basswood,Basswood,,,,
Butterfly,Xstar II,5,0,0.0,Basswood,Basswood,Basswood,Basswood,Basswood,,,,
Butterfly,Xstar M Model,5,0,0.0,Basswood,Basswood,Basswood,Basswood,Basswood,,,,
Butterfly,Zhang Jike ALC,7,87,5.8,Koto,ALC,Limba,Kiri,Limba,ALC,Koto,,
Butterfly,Zhang Jike Super ZLC,7,90,5.6,Koto,SZLC,Limba,Kiri,Limba,SZLC,Koto,,
Butterfly,Zhang Jike T5000,7,88,5.6,Koto,T5000,Limba,Kiri,Limba,T5000,Koto,,
Butterfly,Zhang Jike ZLC,7,86,5.5,Koto,ZLC,Limba,Kiri,Limba,ZLC,Koto,,
Butterfly,Zhang Yining,5,92,0.0,Limba,Limba,Ayous,Limba,Limba,,,,
Butterfly,Zhang Yining ZLC (Limited),7,0,0.0,Limba,Limba,ZLC,Ayous,ZLC,Limba,Limba,,
Cornilleau,Aero ALL,5,70,5.4,Fineline,Ayous,Kiri,Ayous,Fineline,,,,
Cornilleau,Aero ALL+,5,75,5.8,Fineline,Ayous,Kiri,Ayous,Fineline,,,,
Cornilleau,Aero OFF,5,75,6.6,Fineline,Ayous,Kiri,Ayous,Fineline,,,,
Cornilleau,Aero OFF-,5,75,6.2,Fineline,Ayous,Kiri,Ayous,Fineline,,,,
Cornilleau,Aero OFF+ Soft Carbon,5,75,6.2,Fineline,Carbon,Kiri,Carbon,Fineline,,,,
Cornilleau,Calderano Foco OFF-,5,85,6.2,Fineline,Ayous,Kiri,Ayous,Fineline,,,,
Cornilleau,Calderano Foco OFF+,5,85,7.0,Fineline,Ayous,Kiri,Ayous,Fineline,,,,
Cornilleau,Gatien Absolum OFF+,7,95,6.1,Ebony,Limba,Ayous,Red Samba (Ayous),Ayous,Limba,Ebony,,
Cornilleau,Gatien Crown ALL+,5,85,5.7,Anigre,Walnut,Ayous,Walnut,Anigre,,,,
Cornilleau,Gauzy Quest ALL+,5,80,6.2,Limba,Ayous,Kiri,Ayous,Limba,,,,
Cornilleau,Gauzy Quest OFF,5,85,6.2,Ovengkole,Ayous,Kiri,Ayous,Ovengkole,,,,
Cornilleau,Hinotec ALL+,5,85,0.0,Hinoki,Limba,Ayous,Limba,Hinoki,,,,
Cornilleau,Hinotec OFF,5,85,0.0,Hinoki,Limba,Kiri,Limba,Hinoki,,,,
Cornilleau,Hinotec OFF-,5,85,6.2,Hinoki,Limba,Ayous,Limba,Hinoki,,,,
Cornilleau,Hinotec OFF+,5,85,0.0,Hinoki,Carbon,Kiri,Carbon,Hinoki,,,,
Darker,5P-2A,5,82,6.5,Hinoki,Basswood,Hinoki,Basswood,Hinoki,,,,
Darker,7P-2A.7T,7,84,7.0,Hinoki,Hinoki,Hinoki,Hinoki,Hinoki,Hinoki,Hinoki,,
Darker,7P-2A.Carbon,7,88,6.5,Hinoki,Hinoki,Carbon,Hinoki,Carbon,Hinoki,Hinoki,,
Darker,7P-2A.DF,7,82,6.5,Hinoki,Hinoki,Hinoki,Hinoki,Hinoki,Hinoki,Hinoki,,
Darker,Esteem,7,80,6.5,Hinoki,Carbon,Willow,Kiri,Willow,Carbon,Hinoki,,
Darker,Speed 90,1,95,9.0,Hinoki,,,,,,,,
Dawei,Genote Quattro A+,5,87,0.0,Limba,Ayous,Ayous,Ayous,Limba,,,,
Dawei,GTS,5,83,6.2,Hinoki,Carbon,Ayous,Carbon,Hinoki,,,,
Dawei,Quattro Allround Limba,5,85,0.0,Limba,Ayous,Ayous,Ayous,Limba,,,,
Dawei,Wavestone,5,90,7.8,Limba,ALC,Ayous,ALC,Limba,,,,
DHS,Fang Bo Carbon,7,89,5.9,Limba,Ayous,ALC,Ayous,ALC,Ayous,Limba,,
DHS,Fang Bo Carbon B2,7,90,5.9,Limba,Ayous,ALC,Ayous,ALC,Ayous,Limba,,
DHS,Fang Bo Carbon B2X,7,90,6.0,Limba,Ayous,ALC,Ayous,ALC,Ayous,Limba,,
DHS,Hurricane 301,7,89,5.8,Koto,Ayous,ALC,Ayous,ALC,Ayous,Koto,,
DHS,Hurricane King,5,85,5.5,Koto,Spruce,Ayous,Spruce,Koto,,,,
DHS,Hurricane Long 3,7,90,6.3,Limba,Ayous,Ayous,Ayous,Ayous,Ayous,Limba,,
DHS,Hurricane Long 5,7,94,5.9,Limba,Ayous,ALC,Ayous,ALC,Ayous,Limba,,
DHS,Hurricane Long 5 National (N301),7,93,6.0,Koto,Ayous,ALC,Ayous,ALC,Ayous,Koto,,
DHS,Hurricane Wang Hao,5,84,0.0,Koto,Spruce,Ayous,Spruce,Koto,,,,
DHS,Hurricane Wang Liqin,5,90,0.0,Limba,Meranti,Ayous,Meranti,Limba,,,,
DHS,Power-G 2,5,83,5.3,Koto,Spruce,Ayous,Spruce,Koto,,,,
DHS,Power-G 3,5,0,0.0,Koto,Spruce,Ayous,Spruce,Koto,,,,
DHS,Power-G 5,7,89,5.9,Limba,Ayous,ALC,Ayous,ALC,Ayous,Limba,,
DHS,Power-G 7,7,90,6.3,Limba,Ayous,Ayous,Ayous,Ayous,Ayous,Limba,,
DHS,Power-G 9,7,89,6.3,Koto,Ayous,Ayous,Ayous,Ayous,Ayous,Koto,,
DHS,TG 506+,7,88,6.4,Limba,Ayous,Ayous,Ayous,Ayous,Ayous,Limba,,
DHS,TG-7-AL,7,89,6.6,Limba,Ayous,Ayous,Ayous,Ayous,Ayous,Limba,,
Donic,Alligator Combi,5,80,6.0,Limba,Mahogany,Balsa,Ayous,White Ash,,,,
Donic,Appelgren ALL+ World Champion 89,7,80,6.1,Spruce,Carbon Fleece Zylon®,Ayous,Kiri,Ayous,Carbon Fleece Zylon®,Spruce,,
Donic,Appelgren Allplay,5,80,0.0,Limba,Limba,Ayous,Limba,Limba,,,,
Donic,Appelgren Dotec Control,7,70,7.4,Limba,Dotec,Ayous,Balsa,Ayous,Dotec,Limba,,
Donic,Appelgren Exclusive AR,5,80,0.0,Limba,Ayous,Ayous,Ayous,Limba,,,,
Donic,Balsa Carbo Fleece,7,73,0.0,Lati,Limba,Carbon Fleece,Balsa,Carbon Fleece,Limba,Lati,,
Donic,Baum Esprit,7,88,6.0,Koto,Aramid Carbon,Ayous,Kiri,Ayous,Aramid Carbon,Koto,,
Donic,Baum SawTec OFF,5,85,7.0,Ayous,Ayous,Ayous,Ayous,Ayous,,,,
Donic,Burn ALL+,5,80,0.0,Mahogany,Awan,Kiri,Awan,Mahogany,,,,
Donic,Burn Aratox,7,90,0.0,Koto,Kiri,Aratox,Kiri,Aratox,Kiri,Koto,,
Donic,Burn Aratox RS,7,85,0.0,Mahogany,Kiri,Aratox,Kiri,Aratox,Kiri,Mahogany,,
Donic,Burn Carbotox,7,85,6.2,Mahogany,Kiri,Carbotox,Kiri,Carbotox,Kiri,Mahogany,,
Donic,Burn OFF,5,90,0.0,Mahogany,Awan,Kiri,Awan,Mahogany,,,,
Donic,Burn OFF-,5,85,0.0,Mahogany,Awan,Kiri,Awan,Mahogany,,,,
Donic,Carbo System Offensive,7,85,0.0,Koto,Aramid Carbon,Ayous,Kiri,Ayous,Aramid Carbon,Koto,,
Donic,Carbo System Offensive Plus,5,85,0.0,Hinoki,Carbon,Kiri,Carbon,Hinoki,,,,
Donic,Cayman,5,70,9.3,Koto,Balsa,Balsa,Balsa,Koto,,,,
Donic,Classic Allround,9,85,5.5,Koto,Carbon,Limba,Awan,Aratox,Awan,Limba,Carbon,Koto
Donic,Classic Offensive,7,87,6.0,Spruce,Ayous,Ayous,Flax Cloth BF3,Ayous,Ayous,Spruce,,
Donic,Classic Power Allround,7,87,6.0,Spruce,Flax Cloth BF3,Ayous,Ayous,Ayous,Flax Cloth BF3,Spruce,,
Donic,Crest ALL+,9,94,5.9,Limba,Limba,ZLC,Carbon,Ayous,Carbon,ZLC,Limba,Limba
Donic,Crest OFF,9,88,5.9,Limba,ZLC,Carbon,Limba,Kiri,Limba,Carbon,ZLC,Limba
Donic,Defplay Classic Senso,6,70,0.0,Anigre,Limba,Glass fibre,Balsa,Glass fibre,Limba,Anigre,,
Donic,Defplay Senso,5,85,0.0,Anigre,Okoume,Basswood,Okoume,Anigre,,,,
Donic,Dima SawTec AR,5,85,6.3,Koto,Kiri,Kiri,Kiri,Koto,,,,
Donic,Dotec Impuls,9,80,0.0,Lati,Black Cloth,Koto,Balsa,Balsa + Aratox,Balsa,Koto,Black Cloth,Lati
Donic,Dotec True Carbon Inner,7,85,5.4,Koto,Ayous,Aramid Carbon,Kiri,Aramid Carbon,Ayous,Koto,,
Donic,Li Ping Kitex,7,90,6.3,Hinoki,Ayous,Texalium™,Kiri,Texalium™,Ayous,Hinoki,,
Donic,Master Ultra Power,7,87,0.0,Limba,Ayous,Ayous,Ayous,Ayous,Ayous,Limba,,
Donic,New Impuls 6.5,5,80,6.5,Spruce,Kiri,Kiri,Kiri,Spruce,,,,
Donic,New Impuls 7.0,5,85,7.0,Spruce,Kiri,Kiri,Kiri,Spruce,,,,
Donic,New Impuls 7.5,5,90,7.5,Spruce,Kiri,Kiri,Kiri,Spruce,,,,
Donic,Opticon,5,80,7.6,Beech,Ayous,Balsa,Ayous,Beech,,,,
Donic,Opticon RS,5,80,0.0,Birch,Ayous,Balsa,Ayous,Birch,,,,
Donic,Original Exclusive Carbon,7,84,6.2,Ayous,Ayous,Carbon,Kiri,Carbon,Ayous,Ayous,,
Donic,Original Senso Carbon,8,90,5.6,Limba,Anigre,Carbon,Ayous,Ayous,Carbon,Anigre,Limba,
Donic,Original True Carbon,7,90,5.3,Koto,Carbon Kevlar™,Ayous,Kiri,Ayous,Carbon Kevlar™,Koto,,
Donic,Original True Carbon Inner,7,85,5.6,Koto,Ayous,Aramid Carbon,Kiri,Aramid Carbon,Ayous,Koto,,
Donic,Ovtcharov Carbospeed,5,87,6.8,Hinoki,Carbon,Kiri,Carbon,Hinoki,,,,
Donic,Ovtcharov Dotec ALL,5,80,6.4,Limba,Ayous,Kiri,Ayous,Limba,,,,
Donic,Ovtcharov Dotec ALL+,5,80,6.4,Limba,Ayous,Kiri,Ayous,Limba,,,,
Donic,Ovtcharov Dotec OFF,5,80,6.4,Limba,Ayous,Kiri,Ayous,Limba,,,,
Donic,Ovtcharov Original Senso Carbon,8,90,5.7,Limba,Anigre,Carbon,Ayous,Ayous,Carbon,Anigre,Limba,
Donic,Ovtcharov Soft Carbon V1,7,90,0.0,Walnut,Pine,Carbon,Ayous,Carbon,Pine,Walnut,,
Donic,Persson Carbotec,7,90,0.0,Koto,Carbon Glass fibre (G-Carbon),Fir,Kiri,Fir,Carbon Glass fibre (G-Carbon),Koto,,
Donic,Persson Dotec Carbokev,7,80,0.0,Koto,Koto,Carbon Kevlar™,Balsa,Carbon Kevlar™,Koto,Koto,,
Donic,Persson Dotec OFF,7,75,7.4,Hinoki,Dotec,Koto,Balsa,Koto,Dotec,Hinoki,,
Donic,Persson Exclusive OFF,5,85,5.9,Limba,Koto,Kiri,Koto,Limba,,,,
Donic,Persson Jubilee 40,7,88,0.0,Limba,Ayous,Acrylate Carbon,Ayous,Acrylate Carbon,Ayous,Limba,,
Donic,Persson OFF+ World Champion 89,7,85,6.9,Spruce,Carbon Fleece Zylon®,Spruce,Kiri,Spruce,Carbon Fleece Zylon®,Spruce,,
Donic,Persson Powerallround,5,85,5.8,Limba,Ayous,Ayous,Ayous,Limba,,,,
Donic,Persson Powerplay,7,90,5.9,Koto,Anti-vibration film,Ayous,Ayous,Ayous,Anti-vibration film,Koto,,
Donic,Persson Seven,7,90,6.3,Limba,Ayous,Ayous,Ayous,Ayous,Ayous,Limba,,
Donic,Relevant,7,85,6.2,Limba,Carbon,Limba,Ayous,Limba,Carbon,Limba,,
Donic,Waldner Allplay,5,85,0.0,Limba,Limba,Ayous,Limba,Limba,,,,
Donic,Waldner Black Devil Carbon Balsa,7,80,6.0,Koto,Carbon,Koto,Balsa,Koto,Carbon,Koto,,
Donic,Waldner Black Power,5,85,6.6,Limba,Ayous,Ayous,Ayous,Limba,,,,
Donic,Waldner Carbopower,5,85,6.2,Hinoki,ALC,Kiri,ALC,Hinoki,,,,
Donic,Waldner Diablo Senso,5,85,5.5,Limba,Glass fibre,Ayous,Glass fibre,Limba,,,,
Donic,Waldner Dicon,5,85,5.2,Limba,Spruce,Ayous,Spruce,Limba,,,,
Donic,Waldner Dotec AR,7,70,7.4,Limba,Dotec,Limba,Balsa,Limba,Dotec,Limba,,
Donic,Waldner Dotec Carbon,7,85,7.5,Limba,Limba,Carbon,Balsa,Carbon,Limba,Limba,,
Donic,Waldner Dotec Hinoki,3,90,8.5,Hinoki,Hinoki,Hinoki,,,,,,
Donic,Waldner Exclusive AR+,5,85,5.7,Limba,Limba,Ayous,Limba,Limba,,,,
Donic,Waldner JO Shape,5,82,5.5,Limba,Spruce,Ayous,Spruce,Limba,,,,
Donic,Waldner Legend Carbon,5,83,6.3,Hinoki,Carbon,Kiri,Carbon,Hinoki,,,,
Donic,Waldner OFF World Champion 89,7,85,6.9,Spruce,Spruce,ZLC,Kiri,ZLC,Spruce,Spruce,,
Donic,Waldner Offensiv 2016,5,85,0.0,Limba,Pine,Ayous,Pine,Limba,,,,
Donic,Waldner Senso Carbon,7,85,0.0,Limba,Anigre,Carbon,Ayous,Carbon,Anigre,Limba,,
Donic,Waldner Senso Ultra Carbon,7,80,0.0,Limba,Ayous,Carbon,Ayous,Carbon,Ayous,Limba,,
Donic,Waldner Senso V1,5,85,5.8,Limba,Limba,Ayous,Limba,Limba,,,,
Donic,Waldner Senso V2,5,85,5.8,Limba,Limba,Ayous,Limba,Limba,,,,
Donic,Wang Xi Dotec Control Plus,7,80,5.9,Limba,Ayous,Dotec,Kiri,Dotec,Ayous,Limba,,
Donic,Zhou Yu One,5,89,6.0,Walnut,Spruce,Ayous,Spruce,Walnut,,,,
Donic,Zhou Yu Three,7,85,5.7,Koto,Aramid Carbon,Limba,Kiri,Limba,Aramid Carbon,Koto,,
Donic,Zhou Yu Two,5,89,5.8,Ebony,Spruce,Ayous,Spruce,Ebony,,,,
Dr Neubauer,Barricade DEF,7,52,6.5,Limba,Awan,Glass fibre,Balsa,Glass fibre,Awan,Limba,,
Dr Neubauer,Bloodhound,5,77,6.0,Spruce,Carbon,Ayous,Carbon,Spruce,,,,
Friendship,729 Bomb,7,85,6.4,Beech,Beech,Balsa,Cork,Balsa,Beech,Beech,,
Friendship,729 C-2,5,78,6.6,Ayous,Basswood,Kiri,Basswood,Ayous,,,,
Friendship,729 C-3,5,82,6.6,Ayous,Basswood,Kiri,Basswood,Ayous,,,,
Friendship,729 Dynasty Hinoki,5,84,6.0,Hinoki,Hinoki,Balsa,Hinoki,Hinoki,,,,
Friendship,729 Hao Shuai Champion Carbon,6,84,6.3,Ayous,Hinoki,Carbon,Ayous,Hinoki,Ayous,,,
Friendship,729 Hao Shuai L-5,7,88,6.0,Limba,Ayous,Ayous,Ayous,Ayous,Ayous,Limba,,
Friendship,729 V-3,5,88,6.6,Ayous,Aramid,Ayous,Aramid,Ayous,,,,
Friendship,729 V-5,7,92,6.8,Ayous,Basswood,Carbon,Kiri,Carbon,Basswood,Ayous,,
Friendship,729 Z-1,5,82,6.0,Limba,Spruce,Ayous,Spruce,Limba,,,,
Friendship,A-2,7,86,6.4,Limba,Spruce,Ayous,Ayous,Ayous,Spruce,Limba,,
Friendship,V-6,7,89,6.2,Limba,Ayous,Aramid Carbon,Kiri,Aramid Carbon,Ayous,Limba,,
Gambler,DJ Fly,7,88,6.7,Limba,Ayous,Ayous,Ayous,Ayous,Ayous,Limba,,
Gambler,Zen,5,82,5.7,Ayous,Ayous,Kukui,Ayous,Ayous,,,,
Gewo,Aruna Hinoki Carbon OFF,7,90,0.0,Hinoki,Koto,Carbon,Ayous,Carbon,Koto,Hinoki,,
Gewo,Aruna OFF,7,90,0.0,Hinoki,Koto,Carbon,Kiri,Carbon,Koto,Hinoki,,
Gewo,KönigsKlasse Karbon Sieben,7,79,5.4,Limba,Ayous,Carbon Kevlar™,Ayous,Carbon Kevlar™,Ayous,Limba,,
Giant Dragon,Balsa DEF,5,79,6.9,Ayous,Ayous,Balsa,Ayous,Ayous,,,,
Giant Dragon,Balsa Power,5,77,8.7,Limba,Ayous,Balsa,Ayous,Limba,,,,
Giant Dragon,Kris,5,82,10.0,Limba,Sapele,Balsa,Koto,Koto,,,,
Giant Dragon,Kris II,5,70,8.4,Limba,Sapele,Balsa,Blue Ayous,Ayous,,,,
Globe,Off 5,5,90,6.9,Limba,Koto,Kiri,Koto,Limba,,,,
Hallmark,Aurora,5,68,7.0,Limba,Walnut,Balsa,Ayous,Koto,,,,
Huaruite,Clipper Wood (2091),7,0,0.0,Limba,Ayous,Ayous,Ayous,Ayous,Ayous,Limba,,
Hunter,Flame,5,59,6.7,Koto,Ayous,Balsa,Ayous,Koto,,,,
Hunter,Hawk,3,85,4.3,Poplar,Basswood,Poplar,,,,,,
Hunter,Pyro,5,92,7.1,Walnut,Koto,Kiri,Koto,Walnut,,,,
Hunter,Venom,5,85,6.6,Fineline,Ayous,Kiri,Ayous,Fineline,,,,
Joola,Air Carbon,7,72,7.8,Limba,Fineline,Carbon Net™,Balsa,Carbon Net™,Fineline,Limba,,
Joola,Air Fibre,7,60,5.9,Akossika,Ayous,Glass fibre,Balsa,Glass fibre,Ayous,Akossika,,
Joola,Aruna OFF,7,88,5.7,Hinoki,Koto,Carbon,Kiri,Carbon,Koto,Hinoki,,
Joola,Black Rose,7,95,5.1,Santos Mahogany,Koto,Ayous,Ayous,Ayous,Koto,Santos Mahogany,,
Joola,Chen Defender,7,85,0.0,Yellow Samba (Ayous),Ayous,Enzo,Ayous,Enzo,Ayous,Yellow Samba (Ayous),,
Joola,Chen Junior,5,70,0.0,Koto,Mahogany,Tung,Mahogany,Koto,,,,
Joola,Chen Weixing,7,90,0.0,Limba,Koto,Black Cloth,Kiri,Black Cloth,Koto,Limba,,
Joola,Eagle Carbon,5,85,0.0,Fineline,Carbon,Kiri,Carbon,Fineline,,,,
Joola,Eagle Fast,5,75,0.0,Fineline,Sapele,Balsa,Sapele,Fineline,,,,
Joola,Eagle Medium,5,80,0.0,Ayous,Sapele,Kiri,Sapele,Ayous,,,,
Joola,Eagle Speed,5,85,0.0,Fineline,Sapele,Kiri,Sapele,Fineline,,,,
Joola,Energon Super PBO-c,7,90,0.0,Koto,Super PBO-c,Limba,Kiri,Limba,Super PBO-c,Koto,,
Joola,Falcon Fast Plus,7,0,0.0,Ebony,Spruce,Birch,Tung,Birch,Spruce,Ebony,,
Joola,Falcon Medium,5,0,0.0,Ayous,Ayous,Tung,Ayous,Ayous,,,,
Joola,Fever,7,85,0.0,Limba,Meliorate Carbon,Ayous,Kiri,Ayous,Meliorate Carbon,Limba,,
Joola,Flame Extreme,5,90,8.4,Limba,Ayous,Kiri,Ayous,Limba,,,,
Joola,Flame Fast,5,90,6.8,Hinoki,Ayous,Kiri,Ayous,Hinoki,,,,
Joola,Flame Low,5,80,0.0,Limba,Black Cloth,Kiri,Black Cloth,Limba,,,,
Joola,Flame Medium,5,85,6.4,Fineline,Ayous,Kiri,Ayous,Fineline,,,,
Joola,Greenline Extreme,7,90,0.0,Ebony,Ayous,Ayous,Ayous,Ebony,,,,
Joola,Greenline Fast,5,80,0.0,Fineline,Ayous,Ayous,Ayous,Fineline,,,,
Joola,Greenline Medium,5,75,0.0,Fineline,Ayous,Ayous,Ayous,Fineline,,,,
Joola,K5,5,85,0.0,Limba,Limba,Ayous,Limba,Limba,,,,
Joola,K6,7,90,0.0,Ayous,Limba,Blue Texalium™,Ayous,Blue Texalium™,Limba,Ayous,,
Joola,K7,7,90,6.7,Koto,Red Samba (Ayous),Carbon Net™,Ayous,Carbon Net™,Red Samba (Ayous),Koto,,
Joola,Kool !,7,85,0.0,Spruce,Limba,Texalium™,Balsa,Texalium™,Limba,Spruce,,
Joola,Mikado ALL+,5,85,0.0,Basswood,Basswood,Tung,Basswood,Basswood,,,,
Joola,Nobilis PBO-c,5,87,7.1,Hinoki,PBO-c,Kiri,PBO-c,Hinoki,,,,
Joola,R*1,3,80,13.0,Limba,Balsa,Limba,,,,,,
Joola,Rossi Emotion,7,86,0.0,Hinoki,Koto,3K-C,Ayous,3K-C,Koto,Hinoki,,
Joola,Rossi Emotion PBO-c,7,90,6.3,Hinoki,Koto,PBO-c,Ayous,PBO-c,Koto,Hinoki,,
Joola,Rossi Fire 07,9,85,5.9,Limba,Ayous,Limba,Enzo,Ayous,Enzo,Limba,Ayous,Limba
Joola,Rosskopf Force,5,90,6.1,Hinoki,Carbon,Kiri,Carbon,Hinoki,,,,
Joola,Spirit ALL+,5,80,0.0,Fineline,Koto,Balsa + Ayous,Koto,Fineline,,,,
Joola,Spirit OFF,5,85,0.0,Fineline,Ayous,Balsa + Ayous,Ayous,Fineline,,,,
Joola,Spirit OFF+,5,90,0.0,Fineline,Koto,Balsa + Ayous,Koto,Fineline,,,,
Joola,Toni Hold White Spot,5,85,0.0,Poplar,Poplar,Poplar,Poplar,Poplar,,,,
Joola,TPE Feeling,5,90,0.0,Hinoki,Ayous,Kiri,Ayous,Hinoki,,,,
Joola,TPE Fight,7,95,0.0,Hinoki,Koto,Kevlar™,Ayous,Kevlar™,Koto,Hinoki,,
Joola,TPE Nature,7,90,0.0,Limba,Ayous,Ayous,Ayous,Ayous,Ayous,Limba,,
Joola,TPE Perform,7,90,0.0,Hinoki,Koto,Carbon,Ayous,Carbon,Koto,Hinoki,,
Joola,Trix Fast,5,75,0.0,Cypress,Spruce,Balsa + Carbon,Spruce,Cypress,,,,
Joola,Trix Medium,7,80,0.0,Ayous,Ayous,Enzo,Lilac Samba,Enzo,Ayous,Ayous,,
Joola,Viva,7,90,6.6,Limba,Ayous,Ayous,Ayous,Ayous,Ayous,Limba,,
Joola,Vyzaryz Freeze,7,85,5.7,Limba,ALC,Limba,Kiri,Limba,ALC,Limba,,
Joola,Vyzaryz Freeze HRD,7,87,5.8,Koto,ALC,Ayous,Kiri,Ayous,ALC,Koto,,
Joola,Wing Carbon Extreme,5,90,0.0,Fineline,Crystal Carbon,Kiri,Crystal Carbon,Fineline,,,,
Joola,Wing Fast,5,85,0.0,Hinoki,Ayous,Kiri,Ayous,Hinoki,,,,
Joola,Wing Medium,5,80,0.0,Koto,Ayous,Kiri,Ayous,Koto,,,,
Joola,Wing Passion Extreme,5,85,0.0,Fineline,Crystal Carbon,Kiri,Crystal Carbon,Fineline,,,,
Joola,Wing Passion Fast,5,85,0.0,Fineline,Oregon,Kiri,Oregon,Fineline,,,,
Joola,Wing Passion Medium,5,85,0.0,Fineline,Oregon,Kiri,Oregon,Fineline,,,,
Joola,ZeLeBRO PBO-c,7,90,5.7,Limba,PBO-c,Koto,Kiri,Koto,PBO-c,Limba,,
Joola,Zolli cross,5,85,6.0,Limba,Ayous,Ayous,Ayous,Limba,,,,
Juic,Kiso Hinoki,1,90,8.5,Hinoki,,,,,,,,
LKT (KTL),2828,5,77,6.0,Hinoki,Carbon,Kiri,Carbon,Hinoki,,,,
LKT (KTL),Ayous Hinoki,5,79,6.6,Hinoki,Hinoki,Ayous,Hinoki,Hinoki,,,,
LKT (KTL),Instinct,5,74,6.5,Ayous,Basswood,Ayous,Basswood,Ayous,,,,
LKT (KTL),Will Power,7,87,6.5,Koto,ALC,Spruce,Kiri,Spruce,ALC,Koto,,
Loki,Kirin K2,5,87,6.6,Ayous,Ayous,Kiri,Ayous,Ayous,,,,
Loki,Kirin K3,7,91,6.6,Ayous,Ayous,Carbon,Kiri,Carbon,Ayous,Ayous,,
Loki,Telson CNF,7,85,5.8,Koto,Telson CNF,Ayous,Kiri,Ayous,Telson CNF,Koto,,
Loki,Violent V-9,9,91,5.7,Ebony,Ayous,Carbon,Ayous,Kiri,Ayous,Carbon,Ayous,Ebony
Metal TT,Black,5,87,0.0,Ayous,Glass fibre,Kiri,Glass fibre,Ayous,,,,
Mizuno,Fortius FT,7,92,6.4,Limba,Ayous,Hinoki,Ayous,Hinoki,Ayous,Limba,,
Neottec,Amagi ALL+,5,76,5.5,Hinoki,Ayous,Ayous,Ayous,Hinoki,,,,
Neottec,Amagi Carbon,5,80,5.5,Hinoki,Carbon,Kiri,Carbon,Hinoki,,,,
Neottec,Amagi OFF-,5,76,6.3,Hinoki,Awan,Kiri,Awan,Hinoki,,,,
Neottec,Balsa Carbon,5,70,7.2,Limba,Carbon,Balsa,Carbon,Limba,,,,
Neottec,Gamma ALL+,5,87,5.4,Emien,Emien,Ayous,Emien,Emien,,,,
Neottec,Gamma Seven,7,92,6.6,Limba,Limba,Ayous,Ayous,Ayous,Limba,Limba,,
Neottec,Kanji DEF,7,86,6.6,Limba,Koto,Black Cloth,Kiri,Black Cloth,Koto,Limba,,
Neottec,Magic Control,5,85,5.5,Limba,Ayous,Ayous,Ayous,Limba,,,,
Neottec,Revolution,5,83,7.1,Limba,Ayous,Kiri,Ayous,Limba,,,,
Neottec,Voodoo Classic,5,87,5.9,Limba,Limba,Ayous,Limba,Limba,,,,
Nexy,Color,5,92,0.0,Hinoki,Spruce,Ayous,Spruce,Hinoki,,,,
Nexy,Ikarus,6,70,0.0,Koto,Balsa,Carbon,Balsa,Balsa,Koto,,,
Nexy,Oscar,7,86,6.0,Hinoki,ALC,Limba,Kiri,Limba,ALC,Hinoki,,
Nexy,Spartacus,7,84,5.7,Hinoki,Ayous,Carbon,Kiri,Carbon,Ayous,Hinoki,,
Nexy,Spear,5,88,6.5,Limba,Spruce,Ayous,Spruce,Limba,,,,
Nimatsu,Tsunami Combi Attack,5,70,12.0,Limba,Balsa,Balsa,Balsa,Ayous,,,,
Nittaku,Acoustic,5,88,5.8,Limba,Limba,Tung,Limba,Limba,,,,
Nittaku,Acoustic Carbon Inner,7,92,5.5,Limba,Limba,Carbon,Tung,Carbon,Limba,Limba,,
Nittaku,Acoustic Carbon Outer,7,92,5.5,Limba,Carbon,Limba,Tung,Limba,Carbon,Limba,,
Nittaku,Adelie,7,85,6.2,Limba,Ayous,Ayous,Ayous,Ayous,Ayous,Limba,,
Nittaku,Barwell,7,88,6.6,Walnut,Limba,Ayous,Ayous,Ayous,Limba,Walnut,,
Nittaku,Barwell Fleet,9,86,6.1,Walnut,Glass fibre,Limba,Ayous,Ayous,Ayous,Limba,Glass fibre,Walnut
Nittaku,Clout,5,80,6.2,Hinoki,Hinoki,Hinoki,Hinoki,Hinoki,,,,
Nittaku,Goriki Danshi,7,105,5.0,Walnut,Walnut,Walnut,Walnut,Walnut,Walnut,Walnut,,
Nittaku,Goriki FL,7,100,4.9,Walnut,Walnut,Walnut,Walnut,Walnut,Walnut,Walnut,,
Nittaku,Goriki Super Drive,6,92,6.8,Walnut,Hinoki,Hinoki,Hinoki,Hinoki,Walnut,,,
Nittaku,Latika,5,88,5.8,Limba,Spruce,Ayous,Spruce,Limba,,,,
Nittaku,Ludeack,7,85,6.5,Limba,Ayous,Ayous,Ayous,Ayous,Ayous,Limba,,
Nittaku,Ludeack Fleet,9,91,6.1,Limba,Glass fibre,Ayous,Ayous,Ayous,Ayous,Ayous,Glass fibre,Limba
Nittaku,Ma Long Five,5,89,5.8,Koto,Pine,Ayous,Pine,Koto,,,,
Nittaku,Miyabi,1,90,9.0,Hinoki,,,,,,,,
Nittaku,Redshank,7,80,0.0,Limba,Koto,Carbon,Ayous,Carbon,Koto,Limba,,
Nittaku,Rutis,5,85,5.5,Walnut,Carbon Glass fibre (G-Carbon),Kiri,Carbon Glass fibre (G-Carbon),Walnut,,,,
Nittaku,S-Series S-5,5,85,6.0,Spruce,Spruce,Spruce,Spruce,Spruce,,,,
Nittaku,S-Series S-7,7,85,6.2,Spruce,Ayous,Spruce,Ayous,Spruce,Ayous,Spruce,,
Nittaku,S-Series S-CZ,7,85,6.0,Spruce,Carbon Fleece Zylon®,Ayous,Kiri,Ayous,Carbon Fleece Zylon®,Spruce,,
Nittaku,S-Series S-KC,7,85,6.0,Spruce,Carbon Kevlar™,Ayous,Kiri,Ayous,Carbon Kevlar™,Spruce,,
Nittaku,Septear,7,85,6.5,Hinoki,Hinoki,Hinoki,Hinoki,Hinoki,Hinoki,Hinoki,,
Nittaku,Septear Feel,9,88,0.0,Hinoki,Carbon,Hinoki,Hinoki,Hinoki,Hinoki,Hinoki,Carbon,Hinoki
Nittaku,Septear Feel Inner,9,88,0.0,Hinoki,Hinoki,Hinoki,Carbon,Hinoki,Carbon,Hinoki,Hinoki,Hinoki
Nittaku,Shake Defence,5,90,0.0,Hinoki,Carbon,Willow,Carbon,Hinoki,,,,
Nittaku,Tenor,5,92,6.0,Limba,Limba,Tung,Limba,Limba,,,,
Nittaku,Tornado King,5,88,5.5,Wenge,Pine,Ayous,Pine,Wenge,,,,
Nittaku,Tornado King Power,7,90,5.8,Koto,Ayous,Carbon Kevlar™,Ayous,Carbon Kevlar™,Ayous,Koto,,
Nittaku,Tornado King Speed,7,90,5.7,Limba,Carbon Kevlar™,Ayous,Kiri,Ayous,Carbon Kevlar™,Limba,,
Nittaku,Violin,5,88,5.3,White Ash,White Ash,Kiri,White Ash,White Ash,,,,
Nittaku,Wang Nan,5,90,0.0,Koto,Spruce,Ayous,Spruce,Koto,,,,
OSP,Immune OX Combi Pushblocker,5,83,5.8,Limba,Mahogany,Ayous,Limba,Mahogany,,,,
OSP,Martin AC,7,90,5.0,Limba,Aramid Carbon,Limba,Ayous,Limba,Aramid Carbon,Limba,,
OSP,Ultimate,7,91,5.9,Limba,Limba,Ayous,Mahogany,Ayous,Limba,Limba,,
OSP,Ultimate II,7,90,6.0,Limba,Mahogany,Ayous,Spruce,Ayous,Mahogany,Limba,,
OSP,Ultimate II+,7,90,6.0,Rosewood,Mahogany,Ayous,Spruce,Ayous,Mahogany,Rosewood,,
OSP,Virtuoso,5,86,5.8,Limba,Limba,Ayous,Limba,Limba,,,,
OSP,Virtuoso AC,7,87,5.6,Limba,Limba,Aramid Carbon,Ayous,Aramid Carbon,Limba,Limba,,
OSP,Virtuoso+,5,85,0.0,Limba,Limba,Ayous,Limba,Limba,,,,
Palio,CAT,5,70,6.0,Limba,Carbon,Balsa,Carbon,Limba,,,,
Perfect Blade,Krav Defense,5,78,5.8,Limba,Limba,Candlenut,Limba,Limba,,,,
Pro Pro,Agon Super ZLC,7,90,6.2,Koto,SZLC,Ayous,Kiri,Ayous,SZLC,Koto,,
Pro Pro,Agon-X Super ZLC,7,88,5.8,Koto,SZLC,Ayous,Kiri,Ayous,SZLC,Koto,,
Pro Pro,Amon Innerforce ALC+ZLF,7,83,5.5,Limba,Ayous,ALC,Ayous,ZLF,Ayous,Limba,,
Pro Pro,Apollo,3,85,8.0,Hinoki,Hinoki,Hinoki,,,,,,
Pro Pro,Apollo-8,3,80,6.4,Hinoki,Hinoki,Hinoki,,,,,,
Pro Pro,Ares-JP,1,96,10.5,Hinoki,,,,,,,,
Pro Pro,Astorm Super ZLC,7,84,8.0,Hinoki,SZLC,Ayous,Kiri,Ayous,SZLC,Hinoki,,
Pro Pro,Athos JP Tamca®5000,5,0,8.0,Hinoki,T5000,Sycamore,T5000,Hinoki,,,,
Pro Pro,Atlas-II CS Tamca®5000,5,84,7.2,Hinoki,T5000,Sycamore,T5000,Hinoki,,,,
Pro Pro,Atlas-II Tamca®5000,5,89,7.2,Hinoki,T5000,Kiri,T5000,Hinoki,,,,
Pro Pro,Dragon Super ZLC,7,86,5.7,Koto,SZLC,Ayous,Kiri,Ayous,SZLC,Koto,,
Pro Pro,Kluger Kevlar™,7,83,6.2,Koto,Kevlar™,Ayous,Kiri,Ayous,Kevlar™,Koto,,
Pro Pro,Kluger-II Innerforce,7,82,6.2,Koto,Ayous,Carbon Kevlar™,Kiri,Carbon Kevlar™,Ayous,Koto,,
Pro Pro,Mars JLC+Carbon,5,85,6.2,Koto,JLC,Ayous,Carbon,Ayous,,,,
Pro Pro,Mercury ZLC,5,88,7.2,Hinoki,ZLC,Firmiana,ZLC,Hinoki,,,,
Pro Pro,Moby,1,87,9.0,Hinoki,,,,,,,,
Pro Pro,Moby-7,7,83,6.3,Hinoki,Hinoki,Hinoki,Hinoki,Hinoki,Hinoki,Hinoki,,
Pro Pro,Orca 8 Octagon ALC,7,86,5.9,Koto,ALC,Ayous,Kiri,Ayous,ALC,Koto,,
Pro Pro,Pallas ZLC,5,85,8.2,Hinoki,ZLC,Kiri,ZLC,Hinoki,,,,
Pro Pro,Pluto-JP,5,82,8.0,Hinoki,Carbon,Sycamore,Carbon,Hinoki,,,,
Pro Pro,Pony,5,77,6.2,Hinoki,Carbon,Sycamore,Carbon,Hinoki,,,,
Pro Pro,Senkoh X,1,94,10.0,Hinoki,,,,,,,,
Pro Pro,Soul JP,3,86,8.5,Hinoki,Hinoki,Hinoki,,,,,,
Pro Pro,Vispower ALC,7,88,6.4,Hinoki,ALC,Ayous,Kiri,Ayous,ALC,Hinoki,,
Pro Pro,Vispower II ALC,7,85,5.8,Koto,ALC,Ayous,Kiri,Ayous,ALC,Koto,,
Pro Pro,Vispower III Inner Force ALC,7,87,6.0,Limba,Ayous,ALC,Ayous,ALC,Ayous,Limba,,
Pro Pro,X-Spin ALC,5,81,8.2,Hinoki,ALC,Kiri,ALC,Hinoki,,,,
Pro Pro,Zeus Z+ALC,7,88,6.4,Koto,ZLC,Ayous,Sycamore,Ayous,ALC,Anigre,,
Pro Pro,Zeus Z+ALC Innerforce,7,85,6.4,Koto,ZLC,Ayous,Sycamore,ALC,Ayous,Anigre,,
Pro Pro,Zeus-II Z+ALC,5,86,6.4,Hinoki,ZLC,Firmiana,ALC,Hinoki,,,,
Reactor,A1,1,85,10.0,Ayous,,,,,,,,
Reactor,DJ-600,5,86,0.0,Ayous,Carbon,Tung,Carbon,Ayous,,,,
Reactor,K-1,7,90,6.8,Limba,Ayous,Ayous,Ayous,Ayous,Ayous,Limba,,
Sanwei,A1,3,95,9.0,Ayous,Ayous,Ayous,,,,,,
Sanwei,C6 LD,7,82,5.9,Koto,Koto,Carbon,Balsa,Carbon,Koto,Koto,,
Sanwei,CA LD,7,81,5.9,Ayous,Ayous,Carbon,Ayous,Carbon,Ayous,Ayous,,
Sanwei,Cannon Carbon,5,85,6.5,Hinoki,Carbon,Kiri,Carbon,Hinoki,,,,
Sanwei,Dynamo,5,83,7.0,Wenge,Spruce,Kiri,Spruce,Wenge,,,,
Sanwei,F3 Bulldozer,7,85,6.0,Walnut,Ayous,ALC,Ayous,ALC,Ayous,Walnut,,
Sanwei,Feather Carbon,7,75,6.8,Hinoki,Carbon,Limba,Balsa,Limba,Carbon,Hinoki,,
Sanwei,Fextra,7,87,6.0,Limba,Limba,Ayous,Ayous,Ayous,Limba,Limba,,
Sanwei,H10,1,100,9.0,Hinoki,,,,,,,,
Sanwei,HC Speed Light,7,80,6.9,Hinoki,Kiri,Carbon,Kiri,Carbon,Kiri,Hinoki,,
Sanwei,LD Light,7,80,0.0,Koto,Koto,Carbon,Balsa,Carbon,Koto,Koto,,
Sanwei,M2,5,78,6.7,Walnut,Walnut,Walnut,Walnut,Walnut,,,,
Sanwei,M3,5,90,6.5,Walnut,Walnut,Walnut,Walnut,Walnut,,,,
Sanwei,M4,5,85,7.0,Walnut,Walnut,Walnut,Walnut,Walnut,,,,
Sanwei,M6,5,84,7.2,Walnut,Walnut,Walnut,Walnut,Walnut,,,,
Sanwei,M7,5,82,6.3,Walnut,Walnut,Walnut,Walnut,Walnut,,,,
Sanwei,M8,5,80,6.0,Walnut,Walnut,Walnut,Walnut,Walnut,,,,
Sanwei,Nova Carbon,5,90,6.2,Hinoki,Nova Carbon,Kiri,Nova Carbon,Hinoki,,,,
Sanwei,V5 Pro,7,91,6.3,Ash,Ayous,Ayous,Ayous,Ayous,Ayous,Ash,,
Sanwei,Verdi,7,85,6.2,Limba,Polyarylate Carbon,Ayous,Kiri,Ayous,Polyarylate Carbon,Limba,,
Sanwei,Verdi Inner,7,85,6.1,Limba,Ayous,Polyarylate Carbon,Kiri,Polyarylate Carbon,Ayous,Limba,,
Sauer & Tröger,Dominate ALL,5,85,5.0,Fineline,Acacia,Ayous,Acacia,Fineline,,,,
SpinLord,Defender,5,82,0.0,Koto,Ayous,Ayous,Ayous,Koto,,,,
SpinLord,First Strike,5,70,7.5,Koto,Koto,Balsa,Koto,Koto,,,,
SpinLord,RD1,5,85,0.0,Fineline,Limba,Ayous,Limba,Ayous,,,,
SpinLord,RD2,5,88,6.0,Koto,Limba,Ayous,Limba,Koto,,,,
SpinLord,Ultra Allround,5,82,0.0,Limba,Koto,Ayous,Koto,Limba,,,,
SpinLord,Ultra Aramid,5,65,0.0,Koto,Aramid Carbon,Balsa,Aramid Carbon,Koto,,,,
SpinLord,Ultra Balsa V,5,70,7.2,Koto,Carbon,Balsa,Carbon,Koto,,,,
SpinLord,Ultra Carbon Def,7,88,5.9,Limba,Koto,Carbon,Ayous,Carbon,Koto,Limba,,
SpinLord,Ultra Power,5,80,0.0,Hinoki,Aramid,Kiri,Aramid,Hinoki,,,,
SpinLord,Ultra Spin,5,80,6.0,Koto,Birch,Ayous,Birch,Koto,,,,
Stiga,Allround Classic,5,85,5.1,Limba,Ayous,Ayous,Ayous,Limba,,,,
Stiga,Allround Classic Carbon,7,85,0.0,Limba,Ayous,Carbon,Ayous,Carbon,Ayous,Limba,,
Stiga,Allround Evolution,5,85,0.0,Limba,Ayous,Ayous,Ayous,Limba,,,,
Stiga,Allround Oversize,5,90,0.0,Limba,Ayous,Ayous,Ayous,Limba,,,,
Stiga,Allround Wood NCT,5,82,0.0,Limba,Ayous,Ayous,Ayous,Limba,,,,
Stiga,Carbonado 145,5,92,5.2,Limba,Carbon,Balsa,Carbon,Limba,,,,
Stiga,Carbonado 190,7,86,5.8,Limba,TeXtreme®,Ayous,Ayous,Ayous,TeXtreme®,Limba,,
Stiga,Clipper,7,90,6.6,Limba,Ayous,Ayous,Ayous,Ayous,Ayous,Limba,,
Stiga,CRW VII,7,93,6.9,Rosewood,Ayous,Ayous,Ayous,Ayous,Ayous,Rosewood,,
Stiga,Dynasty Carbon,7,89,5.8,Koto,TeXtreme+®,Ayous,Ayous,Ayous,TeXtreme+®,Koto,,
Stiga,Ebenholz NCT V,5,92,5.5,Ebony,Spruce,Ayous,Spruce,Ebony,,,,
Stiga,Emerald VPS V,5,92,6.0,Ebony,Spruce,Ayous,Spruce,Ebony,,,,
Stiga,Energy Wood,5,82,0.0,Limba,Ayous,Ayous,Ayous,Limba,,,,
Stiga,Eternity VPS V,5,92,6.3,Limba,Spruce,Ayous,Spruce,Limba,,,,
Stiga,Exclusive Off,5,92,0.0,Walnut,Spruce,Ayous,Spruce,Walnut,,,,
Stiga,Infinity VPS V,5,85,6.0,Limba,Spruce,Ayous,Spruce,Limba,,,,
Stiga,Intensity NCT,5,85,0.0,Walnut,Spruce,Ayous,Spruce,Walnut,,,,
Stiga,Legacy Carbon,7,89,0.0,Limba,Energy Carbon 12k,Pine,Ayous,Pine,Energy Carbon 12k,Limba,,
Stiga,Nostalgic Offensive,5,90,5.8,Wenge,Spruce,Ayous,Spruce,Wenge,,,,
Stiga,Nostalgic VII,7,90,6.3,Wenge,Spruce,Ayous,Ayous,Ayous,Spruce,Wenge,,
Stiga,Offensive Classic (new),5,90,5.2,Limba,Spruce,Ayous,Spruce,Limba,,,,
Stiga,Offensive Classic (old),5,90,5.2,Koto,Spruce,Ayous,Spruce,Koto,,,,
Stiga,Offensive Classic WRB,5,80,5.2,Limba,Spruce,Ayous,Spruce,Limba,,,,
Stiga,Offensive Wood (1975-1977),5,90,6.0,Walnut,Limba,Ayous,Limba,Walnut,,,,
Stiga,Offensive Wood NCT,5,80,0.0,Limba,Spruce,Ayous,Spruce,Limba,,,,
Stiga,Rosewood NCT VII,7,97,6.9,Rosewood,Ayous,Ayous,Ayous,Ayous,Ayous,Rosewood,,
Stiga,S-2000 WRB,6,80,6.2,Ayous,Basswood,Kiri,Kiri,Basswood,Ayous,,,
Stiga,Tube Allround,5,85,5.0,Limba,Ayous,Ayous,Ayous,Limba,,,,
Stiga,Tube Offensive,5,92,0.0,Limba,Ayous,Ayous,Ayous,Limba,,,,
Sunflex,YKT Team Hong Kong,7,80,5.6,Koto,PBO-c,Limba,Ayous,Limba,PBO-c,Koto,,
TelaiGAL,CEP O55,7,82,5.0,Walnut,Carbon,Mansonia,Balsa,Mansonia,Carbon,Walnut,,
TelaiGAL,CEX O66,7,94,7.0,Yellow Poplar,Carbon,Beech,Balsa,Beech,Carbon,Yellow Poplar,,
TelaiGAL,DAP O42,7,95,7.3,Walnut,Ash,Okoume,Balsa,Okoume,Ash,Walnut,,
TelaiGAL,DEP O64,7,92,7.0,Tanganika,Carbon,Poplar,Balsa,Poplar,Carbon,Tanganika,,
TelaiGAL,DEX O23,7,74,7.0,Tanganika,Walnut,Carbon,Balsa,Carbon,Walnut,Tanganika,,
TelaiGAL,EAP 078,5,98,10.0,Okoume,Wenge,Balsa,Wenge,Okoume,,,,
TelaiGAL,EAX A40,5,71,7.0,Okoume,Mansonia,Balsa,Mansonia,Okoume,,,,
TestBrand,TestModel,3,80,5.0,Ayous,Limba,Ayous,,,,,,
Tibhar,Black Gold,6,85,0.0,Ayous,Ayous,Ayous,Ayous,Ayous,Ayous,,,
Tibhar,Charly Roesch,6,90,0.0,Ayous,Ayous,Ayous,Ayous,Ayous,Ayous,,,
Tibhar,CO-S-3,3,85,6.0,Ayous,Ayous,Ayous,,,,,,
Tibhar,Drinkhall Allround Classic,5,85,5.6,Limba,Ayous,Ayous,Ayous,Limba,,,,
Tibhar,Drinkhall Power Spin Carbon,7,88,5.6,Koto,ALC,Ayous,Kiri,Ayous,ALC,Koto,,
Tibhar,Furious,7,85,6.0,Limba,Ayous,Ayous,Ayous,Ayous,Ayous,Limba,,
Tibhar,H-1-9,1,90,8.5,Hinoki,,,,,,,,
Tibhar,H-3-9,3,85,7.3,Hinoki,Hinoki,Hinoki,,,,,,
Tibhar,Icon Sensitec,5,85,6.0,Fineline,Ayous,Kiri,Ayous,Fineline,,,,
Tibhar,Ikarus ALX,9,85,6.5,Ayous,Ayous,Ayous,Texalium™,Kiri,Texalium™,Ayous,Ayous,Ayous
Tibhar,IV L,4,90,7.4,Ayous,Ayous,Ayous,Ayous,,,,,
Tibhar,IV L Balsa,6,70,7.0,Ayous,Okoume,Balsa,Balsa,Okoume,Ayous,,,
Tibhar,IV L Light Contact,4,80,6.3,Ayous,Ayous,Ayous,Ayous,,,,,
Tibhar,IV S,5,90,6.8,Ayous,Ayous,Ayous,Ayous,Ayous,,,,
Tibhar,Karas OFF,9,86,7.5,Limba,Carbon,Balsa,Carbon,Balsa,Carbon,Balsa,Carbon,Limba
Tibhar,Lebesson,5,85,5.7,Limba,Mahogany,Ayous,Mahogany,Limba,,,,
Tibhar,Lucjan Blaszczyk,5,90,0.0,Limba,Limba,Limba,Limba,Limba,,,,
Tibhar,Marcos Freitas,7,84,6.0,Limba,ALC,Ayous,Kiri,Ayous,ALC,Limba,,
Tibhar,Patrick Chila OFF,5,75,0.0,Ayous,Ayous,Balsa,Ayous,Ayous,,,,
Tibhar,Rapid Carbon,5,90,0.0,Ayous,Carbon,Balsa,Carbon,Ayous,,,,
Tibhar,Samsonov Alpha (new 2012),5,85,5.9,Limba,Meranti,Ayous,Meranti,Limba,,,,
Tibhar,Samsonov Alpha (old),5,85,5.9,Limba,Mahogany,Ayous,Mahogany,Limba,,,,
Tibhar,Samsonov Carbon,7,90,6.8,Ayous,Carbon,Ayous,Ayous,Ayous,Carbon,Ayous,,
Tibhar,Samsonov Force Pro Black Edition,7,88,6.7,Limba,Ayous,Ayous,Ayous,Ayous,Ayous,Limba,,
Tibhar,Samsonov Pure Wood,5,85,6.1,Koto,Mahogany,Ayous,Mahogany,Koto,,,,
Tibhar,Stratus Power Defense,5,84,5.3,Black Locust,Limba,Ayous,Limba,Black Locust,,,,
Tibhar,Stratus Power Wood,5,85,6.0,Limba,Limba,Ayous,Limba,Limba,,,,
Tibhar,Texo OFF,6,86,6.0,Ayous,Ayous,Ayous,Ayous,Ayous,Ayous,,,
Tibhar,Zodiac Libra ZAC,7,85,6.0,Limba,Ayous,ZAC,Ayous,ZAC,Ayous,Limba,,
TSP,Black Balsa 7.0,5,75,7.0,Limba,Glass fibre,Balsa,Glass fibre,Limba,,,,
TSP,Break-9,9,85,0.0,Hinoki,Hinoki,Hinoki,Hinoki,Hinoki,Hinoki,Hinoki,Hinoki,Hinoki
TSP,Gaia (1st version),5,82,0.0,Koto,Ayous,Kiri,Ayous,Koto,,,,
TSP,Hino-Carbon Power,5,85,6.5,Hinoki,Carbon,Kiri,Carbon,Hinoki,,,,
TSP,Phoenix Fire OFF,5,80,0.0,Koto,Awan,Kiri,Awan,Koto,,,,
TSP,Swat Carbon,7,85,5.8,Limba,Carbon,Ayous,Ayous,Ayous,Carbon,Limba,,
Ulmo,Duality,7,85,8.7,Ayous,Balsa,Poplar,Poplar,Poplar,Balsa,Mahogany,,
Victas,Koji Matsushita,5,87,5.4,Limba,Spruce,Ayous,Spruce,Limba,,,,
Victas,Liam Pitchford,7,90,5.9,Limba,Zexion®,Mahogany,Ayous,Mahogany,Zexion®,Limba,,
Vodak,Antares Carbon ALL+,7,80,5.0,Limba,Limba,Carbon,Kiri,Carbon,Limba,Limba,,
Vodak,Defender Attack ALL,9,84,5.3,Basswood,Ayous,ZLC,Ayous,Limba,Ayous,ZLC,Ayous,Basswood
Vodak,Defender DEF,5,74,5.0,Limba,Limba,Kiri,Limba,Limba,,,,
Vodak,Defender Super DEF+,5,70,5.0,Mahogany,Limba,Kiri,Ayous,Ayous,,,,
Vodak,Diolen Balsa OFF,7,83,6.5,Walnut,Carbon,Koto,Balsa,Koto,Carbon,Walnut,,
Vodak,Diolen Control ALL+,7,80,5.1,Padauk,Carbon,Ayous,Kiri,Ayous,Carbon,Padauk,,
Vodak,Diolen OFF,7,87,6.3,Koto,Carbon,Limba,Kiri,Limba,Carbon,Koto,,
Vodak,Diolen Speed OFF+,7,90,7.3,Padauk,Carbon,Koto,Kiri,Koto,Carbon,Padauk,,
Vodak,Diolen Spin OFF-,7,86,5.8,Walnut,Carbon,Ayous,Ayous,Ayous,Carbon,Walnut,,
Vodak,Havlik RC OFF,7,92,6.5,Koto,Limba,Carbon,Kiri,Carbon,Limba,Koto,,
Vodak,Hinoki Carbon OFF,7,88,6.1,Hinoki,Hinoki,Carbon,Ayous,Carbon,Hinoki,Hinoki,,
Vodak,Hinoki Magus OFF,5,84,6.1,Hinoki,Spruce,Ayous,Spruce,Hinoki,,,,
Vodak,Hinoki OFF-,7,86,6.0,Hinoki,Ayous,Hinoki,Ayous,Hinoki,Ayous,Hinoki,,
Vodak,Kentaur OFF-,7,85,6.1,Mahogany,Ayous,Ayous,Mahogany,Ayous,Ayous,Mahogany,,
Vodak,Meranti Carbon OFF,5,90,5.6,Ayous,Carbon,Meranti,Carbon,Ayous,,,,
Vodak,Prometheus Combi OFF-/ALL+,7,87,5.6,Limba,Carbon,Limba,Ayous,Limba,Biofiber,Limba,,
Vodak,Prometheus Combi OFF/OFF-,7,87,5.8,Limba,Carbon,Koto,Ayous,Limba,Biofiber,Limba,,
Vodak,Rebel Carbon OFF,7,87,6.5,Koto,Limba,Carbon,Kiri,Carbon,Limba,Koto,,
Vodak,Taranis Extra C OFF-,5,79,6.2,Ayous,Carbon,Kiri,Carbon,Ayous,,,,
Vodak,Taranis OFF,5,83,7.2,Ayous,Carbon,Kiri,Carbon,Ayous,,,,
Vodak,Trifid ALL,5,78,5.6,Limba,Ayous,Kiri,Ayous,Limba,,,,
Xiom,Allround S,5,80,5.6,Limba,Ayous,Ayous,Ayous,Limba,,,,
Xiom,Amadeus,7,90,6.1,Hinoki,Limba,Ayous,Ayous,Ayous,Limba,Hinoki,,
Xiom,Aria,5,88,6.4,Limba,Spruce,Ayous,Spruce,Limba,,,,
Xiom,Control ALL+,5,86,0.0,Hinoki,Aramid Carbon,Kiri,Aramid Carbon,Hinoki,,,,
Xiom,Control OFF,5,90,7.5,Hinoki,Aramid Carbon,Kiri,Aramid Carbon,Hinoki,,,,
Xiom,Control OFF-,5,89,7.0,Hinoki,Aramid Carbon,Kiri,Aramid Carbon,Hinoki,,,,
Xiom,Diva,5,85,5.7,Koto,Ayous,Ayous,Ayous,Koto,,,,
Xiom,Extreme S,7,90,7.0,Limba,Ayous,Ayous,Ayous,Ayous,Ayous,Limba,,
Xiom,Feel AX,7,85,5.9,Koto,Ayous,Aramid Carbon,Kiri,Aramid Carbon,Ayous,Koto,,
Xiom,Feel HX,5,88,6.5,Hinoki,Aramid Carbon,Kiri,Aramid Carbon,Hinoki,,,,
Xiom,Feel HX Pro,5,90,6.9,Hinoki,Aramid Carbon,Kiri,Aramid Carbon,Hinoki,,,,
Xiom,Feel S7,7,90,6.2,Koto,Unknown,Ayous,Ayous,Ayous,Unknown,Koto,,
Xiom,Feel SX,7,95,6.4,Anigre,Anigre,Aramid Carbon,Kiri,Aramid Carbon,Anigre,Anigre,,
Xiom,Feel ZX 1,7,87,5.7,Limba,Anigre,Zephylium Carbon,Kiri,Zephylium Carbon,Anigre,Limba,,
Xiom,Feel ZX 2,7,88,6.6,Hinoki,Anigre,Zephylium Carbon,Kiri,Zephylium Carbon,Anigre,Hinoki,,
Xiom,Feel ZX 3,7,0,5.7,Hinoki,Anigre,Zephylium Carbon,Kiri,Zephylium Carbon,Anigre,Hinoki,,
Xiom,Fuga,5,87,5.6,Koto,Spruce,Ayous,Spruce,Koto,,,,
Xiom,Hayabusa Zi,7,85,5.7,Koto,Limba,Zephylium Carbon,Ayous,Zephylium Carbon,Limba,Koto,,
Xiom,Hayabusa ZXi,7,87,5.7,Koto,Zephylium Carbon,Ayous,Kiri,Ayous,Zephylium Carbon,Koto,,
Xiom,Hugo Calderano HAL,7,85,5.8,Koto,Axylium,Limba,Kiri,Limba,Axylium,Koto,,
Xiom,Hugo Calderano SAL,7,88,5.8,Koto,Arylate,Limba,Kiri,Limba,Arylate,Koto,,
Xiom,Ice Cream AZX,7,88,5.7,Koto,Axylium Carbon,Limba,Kiri,Limba,Zephylium Carbon,Koto,,
Xiom,Ice Cream AZXi,7,88,5.7,Limba,Limba,Axylium Carbon,Kiri,Zephylium Carbon,Limba,Limba,,
Xiom,Ignito,5,84,6.2,Hinoki,Energy Zeta Carbon,Kiri,Energy Zeta Carbon,Hinoki,,,,
Xiom,Jazz,5,0,6.0,Hinoki,Koto,Ayous,Koto,Hinoki,,,,
Xiom,Magellan,5,76,0.0,Hinoki,Limba,Ayous,Limba,Hinoki,,,,
Xiom,Maximus OFF-,5,85,6.0,Limba,Limba,Ayous,Limba,Limba,,,,
Xiom,Offensive S,5,87,6.1,Limba,Limba,Ayous,Limba,Limba,,,,
Xiom,Ovid ALL+,5,85,6.0,Limba,Limba,Ayous,Limba,Limba,,,,
Xiom,Powerlite Plus,1,0,10.3,Hinoki,,,,,,,,
Xiom,Solo,7,87,6.4,Koto,Ayous,Ayous,Ayous,Ayous,Ayous,Koto,,
Xiom,Stradivarius,7,90,0.0,Koto,Aramid Carbon,Ayous,Kiri,Ayous,Aramid Carbon,Koto,,
Xiom,Vega Euro,7,86,5.8,Koto,Zephylium Carbon,Ayous,Kiri,Ayous,Zephylium Carbon,Koto,,
Xiom,Vega Pro,7,90,5.8,Limba,Zephylium Carbon,Ayous,Kiri,Ayous,Zephylium Carbon,Limba,,
Xiom,Vega Tour,7,85,5.9,Hinoki,Zephylium Carbon,Ayous,Kiri,Ayous,Zephylium Carbon,Hinoki,,
Xiom,Zeta Offensive,7,85,6.0,Limba,Ayous,Ayous,Ayous,Ayous,Ayous,Limba,,
Xiom,Zetro Quad,9,92,7.0,Hinoki,Zephylium,Limba,Carbon,Kiri,Carbon,Limba,Zephylium,Hinoki
XVT,Dragon ALC,7,90,0.0,Koto,ALC,Limba,Kiri,Limba,ALC,Koto,,
XVT,Hinoki Balsa Carbon,5,75,10.0,Hinoki,Carbon,Balsa,Carbon,Hinoki,,,,
XVT,Rosewood Nano 7,7,86,6.9,Rosewood,Balsa,Hinoki,Balsa,Hinoki,Balsa,Rosewood,,
Yasaka,Allround Plus,5,88,0.0,Poplar,Poplar,Poplar,Poplar,Poplar,,,,
Yasaka,Atlético Balance,7,87,5.8,Hinoki,Ayous,ALC,Ayous,ALC,Ayous,Hinoki,,
Yasaka,Extra,5,85,0.0,Anigre,Limba,Ayous,Limba,Anigre,,,,
Yasaka,Extra 3D,5,85,0.0,Anigre,Limba,Ayous,Limba,Anigre,,,,
Yasaka,Extra Offensive,5,90,0.0,Walnut,Spruce,Ayous,Spruce,Walnut,,,,
Yasaka,Extra Offensive 7 Power,7,88,5.7,Walnut,Spruce,Carbon,Kiri,Carbon,Spruce,Walnut,,
Yasaka,Extra Special,7,88,6.0,Walnut,Limba,Ayous,Ayous,Ayous,Limba,Walnut,,
Yasaka,Galaxya,7,89,6.1,Limba,Ayous,Ayous,Ayous,Ayous,Ayous,Limba,,
Yasaka,Hinoki Leo 7,7,85,6.8,Hinoki,Hinoki,Hinoki,Hinoki,Hinoki,Hinoki,Hinoki,,
Yasaka,Ma Lin Carbon,7,85,5.5,Limba,Ayous,Carbon,Ayous,Carbon,Ayous,Limba,,
Yasaka,Ma Lin Soft Carbon,7,86,5.7,Anigre,Limba,Carbon,Ayous,Carbon,Limba,Anigre,,
Yasaka,Sweden Classic,5,82,5.4,Limba,Limba,Ayous,Limba,Limba,,,,
Yasaka,Sweden Extra,5,83,5.8,Anigre,Limba,Ayous,Limba,Anigre,,,,
Yinhe (Galaxy/Milkyway),Bogen,5,71,5.5,Hinoki,Carbon,Kiri,Carbon,Hinoki,,,,
Yinhe (Galaxy/Milkyway),Challenge S6,7,90,6.6,Limba,Ayous,Ayous,Ayous,Ayous,Ayous,Limba,,
Yinhe (Galaxy/Milkyway),Earth E-3,5,85,5.8,Limba,Spruce,Ayous,Spruce,Limba,,,,
Yinhe (Galaxy/Milkyway),Earth E-4,5,85,5.7,White Ash,White Ash,Kiri,White Ash,White Ash,,,,
Yinhe (Galaxy/Milkyway),J-1,1,90,10.0,Ayous,,,,,,,,
Yinhe (Galaxy/Milkyway),Lanze,5,60,5.0,Limba,Carbon,Balsa,Carbon,Limba,,,,
Yinhe (Galaxy/Milkyway),M-4,5,90,5.6,Limba,Limba,Ayous,Limba,Limba,,,,
Yinhe (Galaxy/Milkyway),Mercury Y-13,7,90,5.8,Limba,Glass fibre,Ayous,Kiri,Ayous,Glass fibre,Limba,,
Yinhe (Galaxy/Milkyway),Mercury Y-15,7,88,6.8,Koto,Ayous,Carbon,Balsa,Carbon,Ayous,Koto,,
Yinhe (Galaxy/Milkyway),Pro 01,7,90,5.7,Koto,ALC,Ayous,Kiri,Ayous,ALC,Koto,,
Yinhe (Galaxy/Milkyway),Qiu Yike Pro Limited Edition,5,85,5.0,Rosewood,Spruce,Ayous,Spruce,Rosewood,,,,
Yinhe (Galaxy/Milkyway),Speer,5,56,6.0,Limba,Carbon,Balsa,Carbon,Limba,,,,
Yinhe (Galaxy/Milkyway),T-10,5,72,10.0,Hinoki,Carbon,Balsa,Carbon,Hinoki,,,,
Yinhe (Galaxy/Milkyway),T-10+,7,70,10.0,Cypress,Cypress,Carbon,Balsa,Carbon,Cypress,Cypress,,
Yinhe (Galaxy/Milkyway),T-10S,7,72,10.0,Cypress,Ayous,Carbon,Balsa,Carbon,Ayous,Cypress,,
Yinhe (Galaxy/Milkyway),T-11,5,70,7.4,Limba,Carbon,Balsa,Carbon,Limba,,,,
Yinhe (Galaxy/Milkyway),T-6,5,80,5.8,Hinoki,Carbon,Kiri,Carbon,Hinoki,,,,
Yinhe (Galaxy/Milkyway),T-9,6,68,9.0,Hinoki,Limba,Carbon,Balsa,Limba,Ayous,,,
Yinhe (Galaxy/Milkyway),Uranus U-1,7,87,6.8,Limba,Ayous,Ayous,Ayous,Ayous,Ayous,Limba,,
Yinhe (Galaxy/Milkyway),Uranus U-2,7,86,6.0,Limba,Ayous,Ayous,Ayous,Ayous,Ayous,Limba,,
Yinhe (Galaxy/Milkyway),Venus V-1,5,87,7.0,Hinoki,Carbon,Hinoki,Carbon,Hinoki,,,,
Yinhe (Galaxy/Milkyway),Venus V-13,5,90,6.5,Ayous,Carbon Kevlar™,Ayous,Carbon Kevlar™,Ayous,,,,
Yinhe (Galaxy/Milkyway),Venus V-14,7,89,5.9,Koto,Carbon Kevlar™,Ayous,Kiri,Ayous,Carbon Kevlar™,Koto,,
Yinhe (Galaxy/Milkyway),Venus V-14 Pro,7,85,5.7,Koto,ALC,Limba,Kiri,Limba,ALC,Koto,,
Yinhe (Galaxy/Milkyway),Venus V-15,7,85,7.0,Ayous,Carbon Kevlar™,Ayous,Kiri,Ayous,Carbon Kevlar™,Ayous,,
Yinhe (Galaxy/Milkyway),Venus V-16,7,85,6.0,Ayous,Carbon Kevlar™,Ayous,Kiri,Ayous,Carbon Kevlar™,Ayous,,
Yinhe (Galaxy/Milkyway),Venus V-2,7,87,6.0,Hinoki,Carbon Kevlar™,Hinoki,Kiri,Hinoki,Carbon Kevlar™,Hinoki,,
Yinhe (Galaxy/Milkyway),Venus V-4,7,87,5.8,Limba,Ayous,ZLC,Ayous,ZLC,Ayous,Limba,,
Yinhe (Galaxy/Milkyway),W-1 Wood King,7,89,6.1,Limba,Ayous,Carbon,Kiri,Carbon,Ayous,Limba,,